n,k,alpha,metric,rule,win_share
5,2,0.1,coord_avg,Discrete metric,0.151
5,2,0.1,coord_avg,Quadratic distance,0.8212
5,2,0.1,coord_avg,Manhattan distance,0.0278
5,2,0.1,coord_max,Discrete metric,0.151
5,2,0.1,coord_max,Quadratic distance,0.8212
5,2,0.1,coord_max,Manhattan distance,0.0278
5,2,0.1,mean_linear,Discrete metric,0.151
5,2,0.1,mean_linear,Quadratic distance,0.8212
5,2,0.1,mean_linear,Manhattan distance,0.0278
5,2,0.1,mean_skewed,Discrete metric,0.151
5,2,0.1,mean_skewed,Quadratic distance,0.8212
5,2,0.1,mean_skewed,Manhattan distance,0.0278
5,2,0.3,coord_avg,Discrete metric,0.3888
5,2,0.3,coord_avg,Quadratic distance,0.5644
5,2,0.3,coord_avg,Manhattan distance,0.0468
5,2,0.3,coord_max,Discrete metric,0.3888
5,2,0.3,coord_max,Quadratic distance,0.5644
5,2,0.3,coord_max,Manhattan distance,0.0468
5,2,0.3,mean_linear,Discrete metric,0.3888
5,2,0.3,mean_linear,Quadratic distance,0.5644
5,2,0.3,mean_linear,Manhattan distance,0.0468
5,2,0.3,mean_skewed,Discrete metric,0.3888
5,2,0.3,mean_skewed,Quadratic distance,0.5644
5,2,0.3,mean_skewed,Manhattan distance,0.0468
5,2,1.0,coord_avg,Discrete metric,0.7422
5,2,1.0,coord_avg,Quadratic distance,0.195
5,2,1.0,coord_avg,Manhattan distance,0.0628
5,2,1.0,coord_max,Discrete metric,0.7422
5,2,1.0,coord_max,Quadratic distance,0.195
5,2,1.0,coord_max,Manhattan distance,0.0628
5,2,1.0,mean_linear,Discrete metric,0.7422
5,2,1.0,mean_linear,Quadratic distance,0.195
5,2,1.0,mean_linear,Manhattan distance,0.0628
5,2,1.0,mean_skewed,Discrete metric,0.7422
5,2,1.0,mean_skewed,Quadratic distance,0.195
5,2,1.0,mean_skewed,Manhattan distance,0.0628
5,2,3.0,coord_avg,Discrete metric,0.9664
5,2,3.0,coord_avg,Quadratic distance,0.0174
5,2,3.0,coord_avg,Manhattan distance,0.0162
5,2,3.0,coord_max,Discrete metric,0.9664
5,2,3.0,coord_max,Quadratic distance,0.0174
5,2,3.0,coord_max,Manhattan distance,0.0162
5,2,3.0,mean_linear,Discrete metric,0.9664
5,2,3.0,mean_linear,Quadratic distance,0.0174
5,2,3.0,mean_linear,Manhattan distance,0.0162
5,2,3.0,mean_skewed,Discrete metric,0.9664
5,2,3.0,mean_skewed,Quadratic distance,0.0174
5,2,3.0,mean_skewed,Manhattan distance,0.0162
5,2,10.0,coord_avg,Discrete metric,1.0
5,2,10.0,coord_avg,Quadratic distance,0.0
5,2,10.0,coord_avg,Manhattan distance,0.0
5,2,10.0,coord_max,Discrete metric,1.0
5,2,10.0,coord_max,Quadratic distance,0.0
5,2,10.0,coord_max,Manhattan distance,0.0
5,2,10.0,mean_linear,Discrete metric,1.0
5,2,10.0,mean_linear,Quadratic distance,0.0
5,2,10.0,mean_linear,Manhattan distance,0.0
5,2,10.0,mean_skewed,Discrete metric,1.0
5,2,10.0,mean_skewed,Quadratic distance,0.0
5,2,10.0,mean_skewed,Manhattan distance,0.0
5,3,0.1,coord_avg,Discrete metric,0.0196
5,3,0.1,coord_avg,Quadratic distance,0.934
5,3,0.1,coord_avg,Manhattan distance,0.0464
5,3,0.1,coord_max,Discrete metric,0.0152
5,3,0.1,coord_max,Quadratic distance,0.934
5,3,0.1,coord_max,Manhattan distance,0.0508
5,3,0.1,mean_linear,Discrete metric,0.0498
5,3,0.1,mean_linear,Quadratic distance,0.8466
5,3,0.1,mean_linear,Manhattan distance,0.1036
5,3,0.1,mean_skewed,Discrete metric,0.1044
5,3,0.1,mean_skewed,Quadratic distance,0.8508
5,3,0.1,mean_skewed,Manhattan distance,0.0448
5,3,0.3,coord_avg,Discrete metric,0.101
5,3,0.3,coord_avg,Quadratic distance,0.8182
5,3,0.3,coord_avg,Manhattan distance,0.0808
5,3,0.3,coord_max,Discrete metric,0.0824
5,3,0.3,coord_max,Quadratic distance,0.8182
5,3,0.3,coord_max,Manhattan distance,0.0994
5,3,0.3,mean_linear,Discrete metric,0.1428
5,3,0.3,mean_linear,Quadratic distance,0.655
5,3,0.3,mean_linear,Manhattan distance,0.2022
5,3,0.3,mean_skewed,Discrete metric,0.269
5,3,0.3,mean_skewed,Quadratic distance,0.6522
5,3,0.3,mean_skewed,Manhattan distance,0.0788
5,3,1.0,coord_avg,Discrete metric,0.4012
5,3,1.0,coord_avg,Quadratic distance,0.499
5,3,1.0,coord_avg,Manhattan distance,0.0998
5,3,1.0,coord_max,Discrete metric,0.336
5,3,1.0,coord_max,Quadratic distance,0.499
5,3,1.0,coord_max,Manhattan distance,0.165
5,3,1.0,mean_linear,Discrete metric,0.4236
5,3,1.0,mean_linear,Quadratic distance,0.3388
5,3,1.0,mean_linear,Manhattan distance,0.2376
5,3,1.0,mean_skewed,Discrete metric,0.5664
5,3,1.0,mean_skewed,Quadratic distance,0.3398
5,3,1.0,mean_skewed,Manhattan distance,0.0938
5,3,3.0,coord_avg,Discrete metric,0.8178
5,3,3.0,coord_avg,Quadratic distance,0.1188
5,3,3.0,coord_avg,Manhattan distance,0.0634
5,3,3.0,coord_max,Discrete metric,0.7626
5,3,3.0,coord_max,Quadratic distance,0.1188
5,3,3.0,coord_max,Manhattan distance,0.1186
5,3,3.0,mean_linear,Discrete metric,0.7892
5,3,3.0,mean_linear,Quadratic distance,0.0782
5,3,3.0,mean_linear,Manhattan distance,0.1326
5,3,3.0,mean_skewed,Discrete metric,0.8624
5,3,3.0,mean_skewed,Quadratic distance,0.08
5,3,3.0,mean_skewed,Manhattan distance,0.0576
5,3,10.0,coord_avg,Discrete metric,0.994
5,3,10.0,coord_avg,Quadratic distance,0.0028
5,3,10.0,coord_avg,Manhattan distance,0.0032
5,3,10.0,coord_max,Discrete metric,0.9916
5,3,10.0,coord_max,Quadratic distance,0.0028
5,3,10.0,coord_max,Manhattan distance,0.0056
5,3,10.0,mean_linear,Discrete metric,0.989
5,3,10.0,mean_linear,Quadratic distance,0.0016
5,3,10.0,mean_linear,Manhattan distance,0.0094
5,3,10.0,mean_skewed,Discrete metric,0.9956
5,3,10.0,mean_skewed,Quadratic distance,0.0022
5,3,10.0,mean_skewed,Manhattan distance,0.0022
5,5,0.1,coord_avg,Discrete metric,0.0828
5,5,0.1,coord_avg,Quadratic distance,0.843
5,5,0.1,coord_avg,Manhattan distance,0.0742
5,5,0.1,coord_max,Discrete metric,0.0264
5,5,0.1,coord_max,Quadratic distance,0.9082
5,5,0.1,coord_max,Manhattan distance,0.0654
5,5,0.1,mean_linear,Discrete metric,0.0598
5,5,0.1,mean_linear,Quadratic distance,0.8314
5,5,0.1,mean_linear,Manhattan distance,0.1088
5,5,0.1,mean_skewed,Discrete metric,0.0922
5,5,0.1,mean_skewed,Quadratic distance,0.8392
5,5,0.1,mean_skewed,Manhattan distance,0.0686
5,5,0.3,coord_avg,Discrete metric,0.3598
5,5,0.3,coord_avg,Quadratic distance,0.516
5,5,0.3,coord_avg,Manhattan distance,0.1242
5,5,0.3,coord_max,Discrete metric,0.1248
5,5,0.3,coord_max,Quadratic distance,0.7586
5,5,0.3,coord_max,Manhattan distance,0.1166
5,5,0.3,mean_linear,Discrete metric,0.2342
5,5,0.3,mean_linear,Quadratic distance,0.5694
5,5,0.3,mean_linear,Manhattan distance,0.1964
5,5,0.3,mean_skewed,Discrete metric,0.2424
5,5,0.3,mean_skewed,Quadratic distance,0.6374
5,5,0.3,mean_skewed,Manhattan distance,0.1202
5,5,1.0,coord_avg,Discrete metric,0.819
5,5,1.0,coord_avg,Quadratic distance,0.0988
5,5,1.0,coord_avg,Manhattan distance,0.0822
5,5,1.0,coord_max,Discrete metric,0.3968
5,5,1.0,coord_max,Quadratic distance,0.4026
5,5,1.0,coord_max,Manhattan distance,0.2006
5,5,1.0,mean_linear,Discrete metric,0.6014
5,5,1.0,mean_linear,Quadratic distance,0.21
5,5,1.0,mean_linear,Manhattan distance,0.1886
5,5,1.0,mean_skewed,Discrete metric,0.4832
5,5,1.0,mean_skewed,Quadratic distance,0.3618
5,5,1.0,mean_skewed,Manhattan distance,0.155
5,5,3.0,coord_avg,Discrete metric,0.9936
5,5,3.0,coord_avg,Quadratic distance,0.0014
5,5,3.0,coord_avg,Manhattan distance,0.005
5,5,3.0,coord_max,Discrete metric,0.7806
5,5,3.0,coord_max,Quadratic distance,0.0466
5,5,3.0,coord_max,Manhattan distance,0.1728
5,5,3.0,mean_linear,Discrete metric,0.9148
5,5,3.0,mean_linear,Quadratic distance,0.0296
5,5,3.0,mean_linear,Manhattan distance,0.0556
5,5,3.0,mean_skewed,Discrete metric,0.731
5,5,3.0,mean_skewed,Quadratic distance,0.1566
5,5,3.0,mean_skewed,Manhattan distance,0.1124
5,5,10.0,coord_avg,Discrete metric,1.0
5,5,10.0,coord_avg,Quadratic distance,0.0
5,5,10.0,coord_avg,Manhattan distance,0.0
5,5,10.0,coord_max,Discrete metric,0.9922
5,5,10.0,coord_max,Quadratic distance,0.0
5,5,10.0,coord_max,Manhattan distance,0.0078
5,5,10.0,mean_linear,Discrete metric,0.9966
5,5,10.0,mean_linear,Quadratic distance,0.0004
5,5,10.0,mean_linear,Manhattan distance,0.003
5,5,10.0,mean_skewed,Discrete metric,0.9348
5,5,10.0,mean_skewed,Quadratic distance,0.0322
5,5,10.0,mean_skewed,Manhattan distance,0.033
5,10,0.1,coord_avg,Discrete metric,0.0524
5,10,0.1,coord_avg,Quadratic distance,0.793
5,10,0.1,coord_avg,Manhattan distance,0.1546
5,10,0.1,coord_max,Discrete metric,0.0006
5,10,0.1,coord_max,Quadratic distance,0.9974
5,10,0.1,coord_max,Manhattan distance,0.002
5,10,0.1,mean_linear,Discrete metric,0.0629
5,10,0.1,mean_linear,Quadratic distance,0.7683
5,10,0.1,mean_linear,Manhattan distance,0.1688
5,10,0.1,mean_skewed,Discrete metric,0.0852
5,10,0.1,mean_skewed,Quadratic distance,0.7812
5,10,0.1,mean_skewed,Manhattan distance,0.1336
5,10,0.3,coord_avg,Discrete metric,0.3208
5,10,0.3,coord_avg,Quadratic distance,0.4552
5,10,0.3,coord_avg,Manhattan distance,0.224
5,10,0.3,coord_max,Discrete metric,0.0134
5,10,0.3,coord_max,Quadratic distance,0.9548
5,10,0.3,coord_max,Manhattan distance,0.0318
5,10,0.3,mean_linear,Discrete metric,0.2726
5,10,0.3,mean_linear,Quadratic distance,0.4778
5,10,0.3,mean_linear,Manhattan distance,0.2496
5,10,0.3,mean_skewed,Discrete metric,0.1766
5,10,0.3,mean_skewed,Quadratic distance,0.6034
5,10,0.3,mean_skewed,Manhattan distance,0.22
5,10,1.0,coord_avg,Discrete metric,0.8552
5,10,1.0,coord_avg,Quadratic distance,0.0492
5,10,1.0,coord_avg,Manhattan distance,0.0956
5,10,1.0,coord_max,Discrete metric,0.124
5,10,1.0,coord_max,Quadratic distance,0.6458
5,10,1.0,coord_max,Manhattan distance,0.2302
5,10,1.0,mean_linear,Discrete metric,0.7255
5,10,1.0,mean_linear,Quadratic distance,0.1221
5,10,1.0,mean_linear,Manhattan distance,0.1524
5,10,1.0,mean_skewed,Discrete metric,0.3108
5,10,1.0,mean_skewed,Quadratic distance,0.3112
5,10,1.0,mean_skewed,Manhattan distance,0.378
5,10,3.0,coord_avg,Discrete metric,0.9974
5,10,3.0,coord_avg,Quadratic distance,0.0004
5,10,3.0,coord_avg,Manhattan distance,0.0022
5,10,3.0,coord_max,Discrete metric,0.4912
5,10,3.0,coord_max,Quadratic distance,0.1314
5,10,3.0,coord_max,Manhattan distance,0.3774
5,10,3.0,mean_linear,Discrete metric,0.9605
5,10,3.0,mean_linear,Quadratic distance,0.0095
5,10,3.0,mean_linear,Manhattan distance,0.03
5,10,3.0,mean_skewed,Discrete metric,0.4298
5,10,3.0,mean_skewed,Quadratic distance,0.037
5,10,3.0,mean_skewed,Manhattan distance,0.5332
5,10,10.0,coord_avg,Discrete metric,1.0
5,10,10.0,coord_avg,Quadratic distance,0.0
5,10,10.0,coord_avg,Manhattan distance,0.0
5,10,10.0,coord_max,Discrete metric,0.937
5,10,10.0,coord_max,Quadratic distance,0.0012
5,10,10.0,coord_max,Manhattan distance,0.0618
5,10,10.0,mean_linear,Discrete metric,0.9992
5,10,10.0,mean_linear,Quadratic distance,0.0002
5,10,10.0,mean_linear,Manhattan distance,0.0006
5,10,10.0,mean_skewed,Discrete metric,0.4908
5,10,10.0,mean_skewed,Quadratic distance,0.0002
5,10,10.0,mean_skewed,Manhattan distance,0.509
10,2,0.1,coord_avg,Discrete metric,0.218
10,2,0.1,coord_avg,Quadratic distance,0.76
10,2,0.1,coord_avg,Manhattan distance,0.022
10,2,0.1,coord_max,Discrete metric,0.218
10,2,0.1,coord_max,Quadratic distance,0.76
10,2,0.1,coord_max,Manhattan distance,0.022
10,2,0.1,mean_linear,Discrete metric,0.218
10,2,0.1,mean_linear,Quadratic distance,0.76
10,2,0.1,mean_linear,Manhattan distance,0.022
10,2,0.1,mean_skewed,Discrete metric,0.218
10,2,0.1,mean_skewed,Quadratic distance,0.76
10,2,0.1,mean_skewed,Manhattan distance,0.022
10,2,0.3,coord_avg,Discrete metric,0.5112
10,2,0.3,coord_avg,Quadratic distance,0.4454
10,2,0.3,coord_avg,Manhattan distance,0.0434
10,2,0.3,coord_max,Discrete metric,0.5112
10,2,0.3,coord_max,Quadratic distance,0.4454
10,2,0.3,coord_max,Manhattan distance,0.0434
10,2,0.3,mean_linear,Discrete metric,0.5112
10,2,0.3,mean_linear,Quadratic distance,0.4454
10,2,0.3,mean_linear,Manhattan distance,0.0434
10,2,0.3,mean_skewed,Discrete metric,0.5112
10,2,0.3,mean_skewed,Quadratic distance,0.4454
10,2,0.3,mean_skewed,Manhattan distance,0.0434
10,2,1.0,coord_avg,Discrete metric,0.8654
10,2,1.0,coord_avg,Quadratic distance,0.1006
10,2,1.0,coord_avg,Manhattan distance,0.034
10,2,1.0,coord_max,Discrete metric,0.8654
10,2,1.0,coord_max,Quadratic distance,0.1006
10,2,1.0,coord_max,Manhattan distance,0.034
10,2,1.0,mean_linear,Discrete metric,0.8654
10,2,1.0,mean_linear,Quadratic distance,0.1006
10,2,1.0,mean_linear,Manhattan distance,0.034
10,2,1.0,mean_skewed,Discrete metric,0.8654
10,2,1.0,mean_skewed,Quadratic distance,0.1006
10,2,1.0,mean_skewed,Manhattan distance,0.034
10,2,3.0,coord_avg,Discrete metric,0.9952
10,2,3.0,coord_avg,Quadratic distance,0.0022
10,2,3.0,coord_avg,Manhattan distance,0.0026
10,2,3.0,coord_max,Discrete metric,0.9952
10,2,3.0,coord_max,Quadratic distance,0.0022
10,2,3.0,coord_max,Manhattan distance,0.0026
10,2,3.0,mean_linear,Discrete metric,0.9952
10,2,3.0,mean_linear,Quadratic distance,0.0022
10,2,3.0,mean_linear,Manhattan distance,0.0026
10,2,3.0,mean_skewed,Discrete metric,0.9952
10,2,3.0,mean_skewed,Quadratic distance,0.0022
10,2,3.0,mean_skewed,Manhattan distance,0.0026
10,2,10.0,coord_avg,Discrete metric,1.0
10,2,10.0,coord_avg,Quadratic distance,0.0
10,2,10.0,coord_avg,Manhattan distance,0.0
10,2,10.0,coord_max,Discrete metric,1.0
10,2,10.0,coord_max,Quadratic distance,0.0
10,2,10.0,coord_max,Manhattan distance,0.0
10,2,10.0,mean_linear,Discrete metric,1.0
10,2,10.0,mean_linear,Quadratic distance,0.0
10,2,10.0,mean_linear,Manhattan distance,0.0
10,2,10.0,mean_skewed,Discrete metric,1.0
10,2,10.0,mean_skewed,Quadratic distance,0.0
10,2,10.0,mean_skewed,Manhattan distance,0.0
10,3,0.1,coord_avg,Discrete metric,0.0402
10,3,0.1,coord_avg,Quadratic distance,0.9116
10,3,0.1,coord_avg,Manhattan distance,0.0482
10,3,0.1,coord_max,Discrete metric,0.0104
10,3,0.1,coord_max,Quadratic distance,0.9356
10,3,0.1,coord_max,Manhattan distance,0.054
10,3,0.1,mean_linear,Discrete metric,0.0446
10,3,0.1,mean_linear,Quadratic distance,0.8148
10,3,0.1,mean_linear,Manhattan distance,0.1406
10,3,0.1,mean_skewed,Discrete metric,0.1298
10,3,0.1,mean_skewed,Quadratic distance,0.836
10,3,0.1,mean_skewed,Manhattan distance,0.0342
10,3,0.3,coord_avg,Discrete metric,0.2072
10,3,0.3,coord_avg,Quadratic distance,0.7152
10,3,0.3,coord_avg,Manhattan distance,0.0776
10,3,0.3,coord_max,Discrete metric,0.0692
10,3,0.3,coord_max,Quadratic distance,0.8246
10,3,0.3,coord_max,Manhattan distance,0.1062
10,3,0.3,mean_linear,Discrete metric,0.143
10,3,0.3,mean_linear,Quadratic distance,0.6104
10,3,0.3,mean_linear,Manhattan distance,0.2466
10,3,0.3,mean_skewed,Discrete metric,0.2966
10,3,0.3,mean_skewed,Quadratic distance,0.6392
10,3,0.3,mean_skewed,Manhattan distance,0.0642
10,3,1.0,coord_avg,Discrete metric,0.6454
10,3,1.0,coord_avg,Quadratic distance,0.2748
10,3,1.0,coord_avg,Manhattan distance,0.0798
10,3,1.0,coord_max,Discrete metric,0.2782
10,3,1.0,coord_max,Quadratic distance,0.5474
10,3,1.0,coord_max,Manhattan distance,0.1744
10,3,1.0,mean_linear,Discrete metric,0.4002
10,3,1.0,mean_linear,Quadratic distance,0.3266
10,3,1.0,mean_linear,Manhattan distance,0.2732
10,3,1.0,mean_skewed,Discrete metric,0.5962
10,3,1.0,mean_skewed,Quadratic distance,0.3164
10,3,1.0,mean_skewed,Manhattan distance,0.0874
10,3,3.0,coord_avg,Discrete metric,0.9666
10,3,3.0,coord_avg,Quadratic distance,0.0194
10,3,3.0,coord_avg,Manhattan distance,0.014
10,3,3.0,coord_max,Discrete metric,0.6374
10,3,3.0,coord_max,Quadratic distance,0.1996
10,3,3.0,coord_max,Manhattan distance,0.163
10,3,3.0,mean_linear,Discrete metric,0.692
10,3,3.0,mean_linear,Quadratic distance,0.135
10,3,3.0,mean_linear,Manhattan distance,0.173
10,3,3.0,mean_skewed,Discrete metric,0.8586
10,3,3.0,mean_skewed,Quadratic distance,0.0772
10,3,3.0,mean_skewed,Manhattan distance,0.0642
10,3,10.0,coord_avg,Discrete metric,1.0
10,3,10.0,coord_avg,Quadratic distance,0.0
10,3,10.0,coord_avg,Manhattan distance,0.0
10,3,10.0,coord_max,Discrete metric,0.9456
10,3,10.0,coord_max,Quadratic distance,0.009
10,3,10.0,coord_max,Manhattan distance,0.0454
10,3,10.0,mean_linear,Discrete metric,0.9402
10,3,10.0,mean_linear,Quadratic distance,0.0092
10,3,10.0,mean_linear,Manhattan distance,0.0506
10,3,10.0,mean_skewed,Discrete metric,0.9828
10,3,10.0,mean_skewed,Quadratic distance,0.002
10,3,10.0,mean_skewed,Manhattan distance,0.0152
10,5,0.1,coord_avg,Discrete metric,0.019
10,5,0.1,coord_avg,Quadratic distance,0.899
10,5,0.1,coord_avg,Manhattan distance,0.082
10,5,0.1,coord_max,Discrete metric,0.0016
10,5,0.1,coord_max,Quadratic distance,0.9564
10,5,0.1,coord_max,Manhattan distance,0.042
10,5,0.1,mean_linear,Discrete metric,0.0273
10,5,0.1,mean_linear,Quadratic distance,0.8701
10,5,0.1,mean_linear,Manhattan distance,0.1026
10,5,0.1,mean_skewed,Discrete metric,0.11
10,5,0.1,mean_skewed,Quadratic distance,0.85
10,5,0.1,mean_skewed,Manhattan distance,0.04
10,5,0.3,coord_avg,Discrete metric,0.1868
10,5,0.3,coord_avg,Quadratic distance,0.6642
10,5,0.3,coord_avg,Manhattan distance,0.149
10,5,0.3,coord_max,Discrete metric,0.014
10,5,0.3,coord_max,Quadratic distance,0.9644
10,5,0.3,coord_max,Manhattan distance,0.0216
10,5,0.3,mean_linear,Discrete metric,0.1538
10,5,0.3,mean_linear,Quadratic distance,0.6334
10,5,0.3,mean_linear,Manhattan distance,0.2128
10,5,0.3,mean_skewed,Discrete metric,0.271
10,5,0.3,mean_skewed,Quadratic distance,0.6452
10,5,0.3,mean_skewed,Manhattan distance,0.0838
10,5,1.0,coord_avg,Discrete metric,0.7306
10,5,1.0,coord_avg,Quadratic distance,0.169
10,5,1.0,coord_avg,Manhattan distance,0.1004
10,5,1.0,coord_max,Discrete metric,0.099
10,5,1.0,coord_max,Quadratic distance,0.896
10,5,1.0,coord_max,Manhattan distance,0.005
10,5,1.0,mean_linear,Discrete metric,0.554
10,5,1.0,mean_linear,Quadratic distance,0.2672
10,5,1.0,mean_linear,Manhattan distance,0.1788
10,5,1.0,mean_skewed,Discrete metric,0.56
10,5,1.0,mean_skewed,Quadratic distance,0.324
10,5,1.0,mean_skewed,Manhattan distance,0.116
10,5,3.0,coord_avg,Discrete metric,0.9882
10,5,3.0,coord_avg,Quadratic distance,0.004
10,5,3.0,coord_avg,Manhattan distance,0.0078
10,5,3.0,coord_max,Discrete metric,0.3978
10,5,3.0,coord_max,Quadratic distance,0.5962
10,5,3.0,coord_max,Manhattan distance,0.006
10,5,3.0,mean_linear,Discrete metric,0.9152
10,5,3.0,mean_linear,Quadratic distance,0.0482
10,5,3.0,mean_linear,Manhattan distance,0.0366
10,5,3.0,mean_skewed,Discrete metric,0.8164
10,5,3.0,mean_skewed,Quadratic distance,0.1344
10,5,3.0,mean_skewed,Manhattan distance,0.0492
10,5,10.0,coord_avg,Discrete metric,1.0
10,5,10.0,coord_avg,Quadratic distance,0.0
10,5,10.0,coord_avg,Manhattan distance,0.0
10,5,10.0,coord_max,Discrete metric,0.8726
10,5,10.0,coord_max,Quadratic distance,0.1272
10,5,10.0,coord_max,Manhattan distance,0.0002
10,5,10.0,mean_linear,Discrete metric,0.9992
10,5,10.0,mean_linear,Quadratic distance,0.0006
10,5,10.0,mean_linear,Manhattan distance,0.0002
10,5,10.0,mean_skewed,Discrete metric,0.9718
10,5,10.0,mean_skewed,Quadratic distance,0.0272
10,5,10.0,mean_skewed,Manhattan distance,0.001
10,10,0.1,coord_avg,Discrete metric,0.0038
10,10,0.1,coord_avg,Quadratic distance,0.8112
10,10,0.1,coord_avg,Manhattan distance,0.185
10,10,0.1,coord_max,Discrete metric,0.0002
10,10,0.1,coord_max,Quadratic distance,0.9998
10,10,0.1,coord_max,Manhattan distance,0.0
10,10,0.1,mean_linear,Discrete metric,0.0132
10,10,0.1,mean_linear,Quadratic distance,0.8488
10,10,0.1,mean_linear,Manhattan distance,0.138
10,10,0.1,mean_skewed,Discrete metric,0.0866
10,10,0.1,mean_skewed,Quadratic distance,0.7582
10,10,0.1,mean_skewed,Manhattan distance,0.1552
10,10,0.3,coord_avg,Discrete metric,0.1024
10,10,0.3,coord_avg,Quadratic distance,0.5954
10,10,0.3,coord_avg,Manhattan distance,0.3022
10,10,0.3,coord_max,Discrete metric,0.0066
10,10,0.3,coord_max,Quadratic distance,0.9934
10,10,0.3,coord_max,Manhattan distance,0.0
10,10,0.3,mean_linear,Discrete metric,0.1491
10,10,0.3,mean_linear,Quadratic distance,0.5773
10,10,0.3,mean_linear,Manhattan distance,0.2736
10,10,0.3,mean_skewed,Discrete metric,0.2232
10,10,0.3,mean_skewed,Quadratic distance,0.3942
10,10,0.3,mean_skewed,Manhattan distance,0.3826
10,10,1.0,coord_avg,Discrete metric,0.734
10,10,1.0,coord_avg,Quadratic distance,0.1088
10,10,1.0,coord_avg,Manhattan distance,0.1572
10,10,1.0,coord_max,Discrete metric,0.0942
10,10,1.0,coord_max,Quadratic distance,0.9058
10,10,1.0,coord_max,Manhattan distance,0.0
10,10,1.0,mean_linear,Discrete metric,0.7032
10,10,1.0,mean_linear,Quadratic distance,0.114
10,10,1.0,mean_linear,Manhattan distance,0.1828
10,10,1.0,mean_skewed,Discrete metric,0.472
10,10,1.0,mean_skewed,Quadratic distance,0.131
10,10,1.0,mean_skewed,Manhattan distance,0.397
10,10,3.0,coord_avg,Discrete metric,0.9964
10,10,3.0,coord_avg,Quadratic distance,0.0004
10,10,3.0,coord_avg,Manhattan distance,0.0032
10,10,3.0,coord_max,Discrete metric,0.4952
10,10,3.0,coord_max,Quadratic distance,0.491
10,10,3.0,coord_max,Manhattan distance,0.0138
10,10,3.0,mean_linear,Discrete metric,0.984
10,10,3.0,mean_linear,Quadratic distance,0.0024
10,10,3.0,mean_linear,Manhattan distance,0.0136
10,10,3.0,mean_skewed,Discrete metric,0.6776
10,10,3.0,mean_skewed,Quadratic distance,0.0528
10,10,3.0,mean_skewed,Manhattan distance,0.2696
10,10,10.0,coord_avg,Discrete metric,1.0
10,10,10.0,coord_avg,Quadratic distance,0.0
10,10,10.0,coord_avg,Manhattan distance,0.0
10,10,10.0,coord_max,Discrete metric,0.656
10,10,10.0,coord_max,Quadratic distance,0.0338
10,10,10.0,coord_max,Manhattan distance,0.3102
10,10,10.0,mean_linear,Discrete metric,1.0
10,10,10.0,mean_linear,Quadratic distance,0.0
10,10,10.0,mean_linear,Manhattan distance,0.0
10,10,10.0,mean_skewed,Discrete metric,0.8686
10,10,10.0,mean_skewed,Quadratic distance,0.0034
10,10,10.0,mean_skewed,Manhattan distance,0.128
20,2,0.1,coord_avg,Discrete metric,0.272
20,2,0.1,coord_avg,Quadratic distance,0.7058
20,2,0.1,coord_avg,Manhattan distance,0.0222
20,2,0.1,coord_max,Discrete metric,0.272
20,2,0.1,coord_max,Quadratic distance,0.7058
20,2,0.1,coord_max,Manhattan distance,0.0222
20,2,0.1,mean_linear,Discrete metric,0.272
20,2,0.1,mean_linear,Quadratic distance,0.7058
20,2,0.1,mean_linear,Manhattan distance,0.0222
20,2,0.1,mean_skewed,Discrete metric,0.272
20,2,0.1,mean_skewed,Quadratic distance,0.7058
20,2,0.1,mean_skewed,Manhattan distance,0.0222
20,2,0.3,coord_avg,Discrete metric,0.5852
20,2,0.3,coord_avg,Quadratic distance,0.3796
20,2,0.3,coord_avg,Manhattan distance,0.0352
20,2,0.3,coord_max,Discrete metric,0.5852
20,2,0.3,coord_max,Quadratic distance,0.3796
20,2,0.3,coord_max,Manhattan distance,0.0352
20,2,0.3,mean_linear,Discrete metric,0.5852
20,2,0.3,mean_linear,Quadratic distance,0.3796
20,2,0.3,mean_linear,Manhattan distance,0.0352
20,2,0.3,mean_skewed,Discrete metric,0.5852
20,2,0.3,mean_skewed,Quadratic distance,0.3796
20,2,0.3,mean_skewed,Manhattan distance,0.0352
20,2,1.0,coord_avg,Discrete metric,0.9354
20,2,1.0,coord_avg,Quadratic distance,0.0476
20,2,1.0,coord_avg,Manhattan distance,0.017
20,2,1.0,coord_max,Discrete metric,0.9354
20,2,1.0,coord_max,Quadratic distance,0.0476
20,2,1.0,coord_max,Manhattan distance,0.017
20,2,1.0,mean_linear,Discrete metric,0.9354
20,2,1.0,mean_linear,Quadratic distance,0.0476
20,2,1.0,mean_linear,Manhattan distance,0.017
20,2,1.0,mean_skewed,Discrete metric,0.9354
20,2,1.0,mean_skewed,Quadratic distance,0.0476
20,2,1.0,mean_skewed,Manhattan distance,0.017
20,2,3.0,coord_avg,Discrete metric,0.9996
20,2,3.0,coord_avg,Quadratic distance,0.0002
20,2,3.0,coord_avg,Manhattan distance,0.0002
20,2,3.0,coord_max,Discrete metric,0.9996
20,2,3.0,coord_max,Quadratic distance,0.0002
20,2,3.0,coord_max,Manhattan distance,0.0002
20,2,3.0,mean_linear,Discrete metric,0.9996
20,2,3.0,mean_linear,Quadratic distance,0.0002
20,2,3.0,mean_linear,Manhattan distance,0.0002
20,2,3.0,mean_skewed,Discrete metric,0.9996
20,2,3.0,mean_skewed,Quadratic distance,0.0002
20,2,3.0,mean_skewed,Manhattan distance,0.0002
20,2,10.0,coord_avg,Discrete metric,1.0
20,2,10.0,coord_avg,Quadratic distance,0.0
20,2,10.0,coord_avg,Manhattan distance,0.0
20,2,10.0,coord_max,Discrete metric,1.0
20,2,10.0,coord_max,Quadratic distance,0.0
20,2,10.0,coord_max,Manhattan distance,0.0
20,2,10.0,mean_linear,Discrete metric,1.0
20,2,10.0,mean_linear,Quadratic distance,0.0
20,2,10.0,mean_linear,Manhattan distance,0.0
20,2,10.0,mean_skewed,Discrete metric,1.0
20,2,10.0,mean_skewed,Quadratic distance,0.0
20,2,10.0,mean_skewed,Manhattan distance,0.0
20,3,0.1,coord_avg,Discrete metric,0.071
20,3,0.1,coord_avg,Quadratic distance,0.8844
20,3,0.1,coord_avg,Manhattan distance,0.0446
20,3,0.1,coord_max,Discrete metric,0.0034
20,3,0.1,coord_max,Quadratic distance,0.949
20,3,0.1,coord_max,Manhattan distance,0.0476
20,3,0.1,mean_linear,Discrete metric,0.033
20,3,0.1,mean_linear,Quadratic distance,0.804
20,3,0.1,mean_linear,Manhattan distance,0.163
20,3,0.1,mean_skewed,Discrete metric,0.1334
20,3,0.1,mean_skewed,Quadratic distance,0.8352
20,3,0.1,mean_skewed,Manhattan distance,0.0314
20,3,0.3,coord_avg,Discrete metric,0.3178
20,3,0.3,coord_avg,Quadratic distance,0.6192
20,3,0.3,coord_avg,Manhattan distance,0.063
20,3,0.3,coord_max,Discrete metric,0.012
20,3,0.3,coord_max,Quadratic distance,0.9166
20,3,0.3,coord_max,Manhattan distance,0.0714
20,3,0.3,mean_linear,Discrete metric,0.0954
20,3,0.3,mean_linear,Quadratic distance,0.6526
20,3,0.3,mean_linear,Manhattan distance,0.252
20,3,0.3,mean_skewed,Discrete metric,0.3076
20,3,0.3,mean_skewed,Quadratic distance,0.643
20,3,0.3,mean_skewed,Manhattan distance,0.0494
20,3,1.0,coord_avg,Discrete metric,0.8138
20,3,1.0,coord_avg,Quadratic distance,0.1414
20,3,1.0,coord_avg,Manhattan distance,0.0448
20,3,1.0,coord_max,Discrete metric,0.0578
20,3,1.0,coord_max,Quadratic distance,0.8616
20,3,1.0,coord_max,Manhattan distance,0.0806
20,3,1.0,mean_linear,Discrete metric,0.2484
20,3,1.0,mean_linear,Quadratic distance,0.5642
20,3,1.0,mean_linear,Manhattan distance,0.1874
20,3,1.0,mean_skewed,Discrete metric,0.5702
20,3,1.0,mean_skewed,Quadratic distance,0.384
20,3,1.0,mean_skewed,Manhattan distance,0.0458
20,3,3.0,coord_avg,Discrete metric,0.993
20,3,3.0,coord_avg,Quadratic distance,0.0044
20,3,3.0,coord_avg,Manhattan distance,0.0026
20,3,3.0,coord_max,Discrete metric,0.1958
20,3,3.0,coord_max,Quadratic distance,0.7046
20,3,3.0,coord_max,Manhattan distance,0.0996
20,3,3.0,mean_linear,Discrete metric,0.3958
20,3,3.0,mean_linear,Quadratic distance,0.4734
20,3,3.0,mean_linear,Manhattan distance,0.1308
20,3,3.0,mean_skewed,Discrete metric,0.722
20,3,3.0,mean_skewed,Quadratic distance,0.2426
20,3,3.0,mean_skewed,Manhattan distance,0.0354
20,3,10.0,coord_avg,Discrete metric,1.0
20,3,10.0,coord_avg,Quadratic distance,0.0
20,3,10.0,coord_avg,Manhattan distance,0.0
20,3,10.0,coord_max,Discrete metric,0.532
20,3,10.0,coord_max,Quadratic distance,0.2828
20,3,10.0,coord_max,Manhattan distance,0.1852
20,3,10.0,mean_linear,Discrete metric,0.6568
20,3,10.0,mean_linear,Quadratic distance,0.2366
20,3,10.0,mean_linear,Manhattan distance,0.1066
20,3,10.0,mean_skewed,Discrete metric,0.8424
20,3,10.0,mean_skewed,Quadratic distance,0.097
20,3,10.0,mean_skewed,Manhattan distance,0.0606
20,5,0.1,coord_avg,Discrete metric,0.002
20,5,0.1,coord_avg,Quadratic distance,0.9032
20,5,0.1,coord_avg,Manhattan distance,0.0948
20,5,0.1,coord_max,Discrete metric,0.0
20,5,0.1,coord_max,Quadratic distance,0.969
20,5,0.1,coord_max,Manhattan distance,0.031
20,5,0.1,mean_linear,Discrete metric,0.0084
20,5,0.1,mean_linear,Quadratic distance,0.916
20,5,0.1,mean_linear,Manhattan distance,0.0756
20,5,0.1,mean_skewed,Discrete metric,0.124
20,5,0.1,mean_skewed,Quadratic distance,0.834
20,5,0.1,mean_skewed,Manhattan distance,0.042
20,5,0.3,coord_avg,Discrete metric,0.0588
20,5,0.3,coord_avg,Quadratic distance,0.7208
20,5,0.3,coord_avg,Manhattan distance,0.2204
20,5,0.3,coord_max,Discrete metric,0.0006
20,5,0.3,coord_max,Quadratic distance,0.989
20,5,0.3,coord_max,Manhattan distance,0.0104
20,5,0.3,mean_linear,Discrete metric,0.094
20,5,0.3,mean_linear,Quadratic distance,0.7486
20,5,0.3,mean_linear,Manhattan distance,0.1574
20,5,0.3,mean_skewed,Discrete metric,0.33
20,5,0.3,mean_skewed,Quadratic distance,0.5684
20,5,0.3,mean_skewed,Manhattan distance,0.1016
20,5,1.0,coord_avg,Discrete metric,0.5078
20,5,1.0,coord_avg,Quadratic distance,0.3334
20,5,1.0,coord_avg,Manhattan distance,0.1588
20,5,1.0,coord_max,Discrete metric,0.0142
20,5,1.0,coord_max,Quadratic distance,0.9858
20,5,1.0,coord_max,Manhattan distance,0.0
20,5,1.0,mean_linear,Discrete metric,0.5308
20,5,1.0,mean_linear,Quadratic distance,0.3366
20,5,1.0,mean_linear,Manhattan distance,0.1326
20,5,1.0,mean_skewed,Discrete metric,0.5926
20,5,1.0,mean_skewed,Quadratic distance,0.32
20,5,1.0,mean_skewed,Manhattan distance,0.0874
20,5,3.0,coord_avg,Discrete metric,0.9562
20,5,3.0,coord_avg,Quadratic distance,0.0236
20,5,3.0,coord_avg,Manhattan distance,0.0202
20,5,3.0,coord_max,Discrete metric,0.092
20,5,3.0,coord_max,Quadratic distance,0.908
20,5,3.0,coord_max,Manhattan distance,0.0
20,5,3.0,mean_linear,Discrete metric,0.9344
20,5,3.0,mean_linear,Quadratic distance,0.049
20,5,3.0,mean_linear,Manhattan distance,0.0166
20,5,3.0,mean_skewed,Discrete metric,0.754
20,5,3.0,mean_skewed,Quadratic distance,0.2368
20,5,3.0,mean_skewed,Manhattan distance,0.0092
20,5,10.0,coord_avg,Discrete metric,1.0
20,5,10.0,coord_avg,Quadratic distance,0.0
20,5,10.0,coord_avg,Manhattan distance,0.0
20,5,10.0,coord_max,Discrete metric,0.4154
20,5,10.0,coord_max,Quadratic distance,0.5846
20,5,10.0,coord_max,Manhattan distance,0.0
20,5,10.0,mean_linear,Discrete metric,0.9998
20,5,10.0,mean_linear,Quadratic distance,0.0002
20,5,10.0,mean_linear,Manhattan distance,0.0
20,5,10.0,mean_skewed,Discrete metric,0.8766
20,5,10.0,mean_skewed,Quadratic distance,0.1234
20,5,10.0,mean_skewed,Manhattan distance,0.0
20,10,0.1,coord_avg,Discrete metric,0.0016
20,10,0.1,coord_avg,Quadratic distance,0.8794
20,10,0.1,coord_avg,Manhattan distance,0.119
20,10,0.1,coord_max,Discrete metric,0.0
20,10,0.1,coord_max,Quadratic distance,1.0
20,10,0.1,coord_max,Manhattan distance,0.0
20,10,0.1,mean_linear,Discrete metric,0.0022
20,10,0.1,mean_linear,Quadratic distance,0.9106
20,10,0.1,mean_linear,Manhattan distance,0.0872
20,10,0.1,mean_skewed,Discrete metric,0.113
20,10,0.1,mean_skewed,Quadratic distance,0.631
20,10,0.1,mean_skewed,Manhattan distance,0.256
20,10,0.3,coord_avg,Discrete metric,0.108
20,10,0.3,coord_avg,Quadratic distance,0.6008
20,10,0.3,coord_avg,Manhattan distance,0.2912
20,10,0.3,coord_max,Discrete metric,0.0
20,10,0.3,coord_max,Quadratic distance,1.0
20,10,0.3,coord_max,Manhattan distance,0.0
20,10,0.3,mean_linear,Discrete metric,0.0761
20,10,0.3,mean_linear,Quadratic distance,0.6839
20,10,0.3,mean_linear,Manhattan distance,0.24
20,10,0.3,mean_skewed,Discrete metric,0.2586
20,10,0.3,mean_skewed,Quadratic distance,0.3012
20,10,0.3,mean_skewed,Manhattan distance,0.4402
20,10,1.0,coord_avg,Discrete metric,0.8322
20,10,1.0,coord_avg,Quadratic distance,0.0552
20,10,1.0,coord_avg,Manhattan distance,0.1126
20,10,1.0,coord_max,Discrete metric,0.0054
20,10,1.0,coord_max,Quadratic distance,0.9946
20,10,1.0,coord_max,Manhattan distance,0.0
20,10,1.0,mean_linear,Discrete metric,0.6479
20,10,1.0,mean_linear,Quadratic distance,0.1433
20,10,1.0,mean_linear,Manhattan distance,0.2088
20,10,1.0,mean_skewed,Discrete metric,0.5506
20,10,1.0,mean_skewed,Quadratic distance,0.2074
20,10,1.0,mean_skewed,Manhattan distance,0.242
20,10,3.0,coord_avg,Discrete metric,0.9998
20,10,3.0,coord_avg,Quadratic distance,0.0
20,10,3.0,coord_avg,Manhattan distance,0.0002
20,10,3.0,coord_max,Discrete metric,0.1036
20,10,3.0,coord_max,Quadratic distance,0.8958
20,10,3.0,coord_max,Manhattan distance,0.0006
20,10,3.0,mean_linear,Discrete metric,0.9896
20,10,3.0,mean_linear,Quadratic distance,0.003
20,10,3.0,mean_linear,Manhattan distance,0.0074
20,10,3.0,mean_skewed,Discrete metric,0.7802
20,10,3.0,mean_skewed,Quadratic distance,0.142
20,10,3.0,mean_skewed,Manhattan distance,0.0778
20,10,10.0,coord_avg,Discrete metric,1.0
20,10,10.0,coord_avg,Quadratic distance,0.0
20,10,10.0,coord_avg,Manhattan distance,0.0
20,10,10.0,coord_max,Discrete metric,0.6588
20,10,10.0,coord_max,Quadratic distance,0.3306
20,10,10.0,coord_max,Manhattan distance,0.0106
20,10,10.0,mean_linear,Discrete metric,1.0
20,10,10.0,mean_linear,Quadratic distance,0.0
20,10,10.0,mean_linear,Manhattan distance,0.0
20,10,10.0,mean_skewed,Discrete metric,0.9348
20,10,10.0,mean_skewed,Quadratic distance,0.0312
20,10,10.0,mean_skewed,Manhattan distance,0.034
50,2,0.1,coord_avg,Discrete metric,0.2752
50,2,0.1,coord_avg,Quadratic distance,0.637
50,2,0.1,coord_avg,Manhattan distance,0.0878
50,2,0.1,coord_max,Discrete metric,0.2752
50,2,0.1,coord_max,Quadratic distance,0.637
50,2,0.1,coord_max,Manhattan distance,0.0878
50,2,0.1,mean_linear,Discrete metric,0.2752
50,2,0.1,mean_linear,Quadratic distance,0.637
50,2,0.1,mean_linear,Manhattan distance,0.0878
50,2,0.1,mean_skewed,Discrete metric,0.2752
50,2,0.1,mean_skewed,Quadratic distance,0.637
50,2,0.1,mean_skewed,Manhattan distance,0.0878
50,2,0.3,coord_avg,Discrete metric,0.5968
50,2,0.3,coord_avg,Quadratic distance,0.2772
50,2,0.3,coord_avg,Manhattan distance,0.126
50,2,0.3,coord_max,Discrete metric,0.5968
50,2,0.3,coord_max,Quadratic distance,0.2772
50,2,0.3,coord_max,Manhattan distance,0.126
50,2,0.3,mean_linear,Discrete metric,0.5968
50,2,0.3,mean_linear,Quadratic distance,0.2772
50,2,0.3,mean_linear,Manhattan distance,0.126
50,2,0.3,mean_skewed,Discrete metric,0.5968
50,2,0.3,mean_skewed,Quadratic distance,0.2772
50,2,0.3,mean_skewed,Manhattan distance,0.126
50,2,1.0,coord_avg,Discrete metric,0.9282
50,2,1.0,coord_avg,Quadratic distance,0.0198
50,2,1.0,coord_avg,Manhattan distance,0.052
50,2,1.0,coord_max,Discrete metric,0.9282
50,2,1.0,coord_max,Quadratic distance,0.0198
50,2,1.0,coord_max,Manhattan distance,0.052
50,2,1.0,mean_linear,Discrete metric,0.9282
50,2,1.0,mean_linear,Quadratic distance,0.0198
50,2,1.0,mean_linear,Manhattan distance,0.052
50,2,1.0,mean_skewed,Discrete metric,0.9282
50,2,1.0,mean_skewed,Quadratic distance,0.0198
50,2,1.0,mean_skewed,Manhattan distance,0.052
50,2,3.0,coord_avg,Discrete metric,0.9994
50,2,3.0,coord_avg,Quadratic distance,0.0
50,2,3.0,coord_avg,Manhattan distance,0.0006
50,2,3.0,coord_max,Discrete metric,0.9994
50,2,3.0,coord_max,Quadratic distance,0.0
50,2,3.0,coord_max,Manhattan distance,0.0006
50,2,3.0,mean_linear,Discrete metric,0.9994
50,2,3.0,mean_linear,Quadratic distance,0.0
50,2,3.0,mean_linear,Manhattan distance,0.0006
50,2,3.0,mean_skewed,Discrete metric,0.9994
50,2,3.0,mean_skewed,Quadratic distance,0.0
50,2,3.0,mean_skewed,Manhattan distance,0.0006
50,2,10.0,coord_avg,Discrete metric,1.0
50,2,10.0,coord_avg,Quadratic distance,0.0
50,2,10.0,coord_avg,Manhattan distance,0.0
50,2,10.0,coord_max,Discrete metric,1.0
50,2,10.0,coord_max,Quadratic distance,0.0
50,2,10.0,coord_max,Manhattan distance,0.0
50,2,10.0,mean_linear,Discrete metric,1.0
50,2,10.0,mean_linear,Quadratic distance,0.0
50,2,10.0,mean_linear,Manhattan distance,0.0
50,2,10.0,mean_skewed,Discrete metric,1.0
50,2,10.0,mean_skewed,Quadratic distance,0.0
50,2,10.0,mean_skewed,Manhattan distance,0.0
50,3,0.1,coord_avg,Discrete metric,0.0994
50,3,0.1,coord_avg,Quadratic distance,0.8574
50,3,0.1,coord_avg,Manhattan distance,0.0432
50,3,0.1,coord_max,Discrete metric,0.0
50,3,0.1,coord_max,Quadratic distance,0.9602
50,3,0.1,coord_max,Manhattan distance,0.0398
50,3,0.1,mean_linear,Discrete metric,0.0186
50,3,0.1,mean_linear,Quadratic distance,0.789
50,3,0.1,mean_linear,Manhattan distance,0.1924
50,3,0.1,mean_skewed,Discrete metric,0.166
50,3,0.1,mean_skewed,Quadratic distance,0.8052
50,3,0.1,mean_skewed,Manhattan distance,0.0288
50,3,0.3,coord_avg,Discrete metric,0.4312
50,3,0.3,coord_avg,Quadratic distance,0.5092
50,3,0.3,coord_avg,Manhattan distance,0.0596
50,3,0.3,coord_max,Discrete metric,0.0034
50,3,0.3,coord_max,Quadratic distance,0.9442
50,3,0.3,coord_max,Manhattan distance,0.0524
50,3,0.3,mean_linear,Discrete metric,0.0588
50,3,0.3,mean_linear,Quadratic distance,0.7184
50,3,0.3,mean_linear,Manhattan distance,0.2228
50,3,0.3,mean_skewed,Discrete metric,0.3664
50,3,0.3,mean_skewed,Quadratic distance,0.596
50,3,0.3,mean_skewed,Manhattan distance,0.0376
50,3,1.0,coord_avg,Discrete metric,0.918
50,3,1.0,coord_avg,Quadratic distance,0.0608
50,3,1.0,coord_avg,Manhattan distance,0.0212
50,3,1.0,coord_max,Discrete metric,0.0092
50,3,1.0,coord_max,Quadratic distance,0.967
50,3,1.0,coord_max,Manhattan distance,0.0238
50,3,1.0,mean_linear,Discrete metric,0.1098
50,3,1.0,mean_linear,Quadratic distance,0.7838
50,3,1.0,mean_linear,Manhattan distance,0.1064
50,3,1.0,mean_skewed,Discrete metric,0.5674
50,3,1.0,mean_skewed,Quadratic distance,0.4174
50,3,1.0,mean_skewed,Manhattan distance,0.0152
50,3,3.0,coord_avg,Discrete metric,0.9996
50,3,3.0,coord_avg,Quadratic distance,0.0004
50,3,3.0,coord_avg,Manhattan distance,0.0
50,3,3.0,coord_max,Discrete metric,0.0384
50,3,3.0,coord_max,Quadratic distance,0.945
50,3,3.0,coord_max,Manhattan distance,0.0166
50,3,3.0,mean_linear,Discrete metric,0.1802
50,3,3.0,mean_linear,Quadratic distance,0.7544
50,3,3.0,mean_linear,Manhattan distance,0.0654
50,3,3.0,mean_skewed,Discrete metric,0.631
50,3,3.0,mean_skewed,Quadratic distance,0.364
50,3,3.0,mean_skewed,Manhattan distance,0.005
50,3,10.0,coord_avg,Discrete metric,1.0
50,3,10.0,coord_avg,Quadratic distance,0.0
50,3,10.0,coord_avg,Manhattan distance,0.0
50,3,10.0,coord_max,Discrete metric,0.1234
50,3,10.0,coord_max,Quadratic distance,0.8228
50,3,10.0,coord_max,Manhattan distance,0.0538
50,3,10.0,mean_linear,Discrete metric,0.3084
50,3,10.0,mean_linear,Quadratic distance,0.6246
50,3,10.0,mean_linear,Manhattan distance,0.067
50,3,10.0,mean_skewed,Discrete metric,0.6762
50,3,10.0,mean_skewed,Quadratic distance,0.304
50,3,10.0,mean_skewed,Manhattan distance,0.0198
50,5,0.1,coord_avg,Discrete metric,0.0074
50,5,0.1,coord_avg,Quadratic distance,0.9156
50,5,0.1,coord_avg,Manhattan distance,0.077
50,5,0.1,coord_max,Discrete metric,0.0
50,5,0.1,coord_max,Quadratic distance,0.9764
50,5,0.1,coord_max,Manhattan distance,0.0236
50,5,0.1,mean_linear,Discrete metric,0.0038
50,5,0.1,mean_linear,Quadratic distance,0.9304
50,5,0.1,mean_linear,Manhattan distance,0.0658
50,5,0.1,mean_skewed,Discrete metric,0.1674
50,5,0.1,mean_skewed,Quadratic distance,0.7306
50,5,0.1,mean_skewed,Manhattan distance,0.102
50,5,0.3,coord_avg,Discrete metric,0.146
50,5,0.3,coord_avg,Quadratic distance,0.7206
50,5,0.3,coord_avg,Manhattan distance,0.1334
50,5,0.3,coord_max,Discrete metric,0.0
50,5,0.3,coord_max,Quadratic distance,0.9966
50,5,0.3,coord_max,Manhattan distance,0.0034
50,5,0.3,mean_linear,Discrete metric,0.0612
50,5,0.3,mean_linear,Quadratic distance,0.8034
50,5,0.3,mean_linear,Manhattan distance,0.1354
50,5,0.3,mean_skewed,Discrete metric,0.3706
50,5,0.3,mean_skewed,Quadratic distance,0.4458
50,5,0.3,mean_skewed,Manhattan distance,0.1836
50,5,1.0,coord_avg,Discrete metric,0.7688
50,5,1.0,coord_avg,Quadratic distance,0.174
50,5,1.0,coord_avg,Manhattan distance,0.0572
50,5,1.0,coord_max,Discrete metric,0.0006
50,5,1.0,coord_max,Quadratic distance,0.9994
50,5,1.0,coord_max,Manhattan distance,0.0
50,5,1.0,mean_linear,Discrete metric,0.3026
50,5,1.0,mean_linear,Quadratic distance,0.5884
50,5,1.0,mean_linear,Manhattan distance,0.109
50,5,1.0,mean_skewed,Discrete metric,0.5892
50,5,1.0,mean_skewed,Quadratic distance,0.361
50,5,1.0,mean_skewed,Manhattan distance,0.0498
50,5,3.0,coord_avg,Discrete metric,0.9954
50,5,3.0,coord_avg,Quadratic distance,0.0022
50,5,3.0,coord_avg,Manhattan distance,0.0024
50,5,3.0,coord_max,Discrete metric,0.0042
50,5,3.0,coord_max,Quadratic distance,0.9958
50,5,3.0,coord_max,Manhattan distance,0.0
50,5,3.0,mean_linear,Discrete metric,0.5786
50,5,3.0,mean_linear,Quadratic distance,0.3996
50,5,3.0,mean_linear,Manhattan distance,0.0218
50,5,3.0,mean_skewed,Discrete metric,0.6506
50,5,3.0,mean_skewed,Quadratic distance,0.349
50,5,3.0,mean_skewed,Manhattan distance,0.0004
50,5,10.0,coord_avg,Discrete metric,1.0
50,5,10.0,coord_avg,Quadratic distance,0.0
50,5,10.0,coord_avg,Manhattan distance,0.0
50,5,10.0,coord_max,Discrete metric,0.047
50,5,10.0,coord_max,Quadratic distance,0.953
50,5,10.0,coord_max,Manhattan distance,0.0
50,5,10.0,mean_linear,Discrete metric,0.8616
50,5,10.0,mean_linear,Quadratic distance,0.1372
50,5,10.0,mean_linear,Manhattan distance,0.0012
50,5,10.0,mean_skewed,Discrete metric,0.7088
50,5,10.0,mean_skewed,Quadratic distance,0.2912
50,5,10.0,mean_skewed,Manhattan distance,0.0
50,10,0.1,coord_avg,Discrete metric,0.0
50,10,0.1,coord_avg,Quadratic distance,0.9394
50,10,0.1,coord_avg,Manhattan distance,0.0606
50,10,0.1,coord_max,Discrete metric,0.0
50,10,0.1,coord_max,Quadratic distance,1.0
50,10,0.1,coord_max,Manhattan distance,0.0
50,10,0.1,mean_linear,Discrete metric,0.0
50,10,0.1,mean_linear,Quadratic distance,0.9546
50,10,0.1,mean_linear,Manhattan distance,0.0454
50,10,0.1,mean_skewed,Discrete metric,0.1452
50,10,0.1,mean_skewed,Quadratic distance,0.4216
50,10,0.1,mean_skewed,Manhattan distance,0.4332
50,10,0.3,coord_avg,Discrete metric,0.0358
50,10,0.3,coord_avg,Quadratic distance,0.7276
50,10,0.3,coord_avg,Manhattan distance,0.2366
50,10,0.3,coord_max,Discrete metric,0.0
50,10,0.3,coord_max,Quadratic distance,1.0
50,10,0.3,coord_max,Manhattan distance,0.0
50,10,0.3,mean_linear,Discrete metric,0.0338
50,10,0.3,mean_linear,Quadratic distance,0.7844
50,10,0.3,mean_linear,Manhattan distance,0.1818
50,10,0.3,mean_skewed,Discrete metric,0.3358
50,10,0.3,mean_skewed,Quadratic distance,0.2804
50,10,0.3,mean_skewed,Manhattan distance,0.3838
50,10,1.0,coord_avg,Discrete metric,0.7018
50,10,1.0,coord_avg,Quadratic distance,0.1614
50,10,1.0,coord_avg,Manhattan distance,0.1368
50,10,1.0,coord_max,Discrete metric,0.0
50,10,1.0,coord_max,Quadratic distance,1.0
50,10,1.0,coord_max,Manhattan distance,0.0
50,10,1.0,mean_linear,Discrete metric,0.5464
50,10,1.0,mean_linear,Quadratic distance,0.2386
50,10,1.0,mean_linear,Manhattan distance,0.215
50,10,1.0,mean_skewed,Discrete metric,0.5876
50,10,1.0,mean_skewed,Quadratic distance,0.3094
50,10,1.0,mean_skewed,Manhattan distance,0.103
50,10,3.0,coord_avg,Discrete metric,0.9992
50,10,3.0,coord_avg,Quadratic distance,0.0
50,10,3.0,coord_avg,Manhattan distance,0.0008
50,10,3.0,coord_max,Discrete metric,0.001
50,10,3.0,coord_max,Quadratic distance,0.999
50,10,3.0,coord_max,Manhattan distance,0.0
50,10,3.0,mean_linear,Discrete metric,0.9782
50,10,3.0,mean_linear,Quadratic distance,0.0102
50,10,3.0,mean_linear,Manhattan distance,0.0116
50,10,3.0,mean_skewed,Discrete metric,0.7198
50,10,3.0,mean_skewed,Quadratic distance,0.2734
50,10,3.0,mean_skewed,Manhattan distance,0.0068
50,10,10.0,coord_avg,Discrete metric,1.0
50,10,10.0,coord_avg,Quadratic distance,0.0
50,10,10.0,coord_avg,Manhattan distance,0.0
50,10,10.0,coord_max,Discrete metric,0.0448
50,10,10.0,coord_max,Quadratic distance,0.9552
50,10,10.0,coord_max,Manhattan distance,0.0
50,10,10.0,mean_linear,Discrete metric,1.0
50,10,10.0,mean_linear,Quadratic distance,0.0
50,10,10.0,mean_linear,Manhattan distance,0.0
50,10,10.0,mean_skewed,Discrete metric,0.8298
50,10,10.0,mean_skewed,Quadratic distance,0.1644
50,10,10.0,mean_skewed,Manhattan distance,0.0058
