n,k,alpha,metric,rule,win_share,mean_regret
5,2,0.1,coord_avg,Discrete metric,0.151,0.05578130565962999
5,2,0.1,coord_avg,Quadratic distance,0.8212,0.006994638992965662
5,2,0.1,coord_avg,Manhattan distance,0.0278,0.026973475320115778
5,2,0.1,coord_max,Discrete metric,0.151,0.05578130565962999
5,2,0.1,coord_max,Quadratic distance,0.8212,0.006994638992965662
5,2,0.1,coord_max,Manhattan distance,0.0278,0.026973475320115778
5,2,0.1,mean_linear,Discrete metric,0.151,0.05578130565962999
5,2,0.1,mean_linear,Quadratic distance,0.8212,0.006994638992965647
5,2,0.1,mean_linear,Manhattan distance,0.0278,0.02697347532011584
5,2,0.1,mean_skewed,Discrete metric,0.151,0.05578130565962999
5,2,0.1,mean_skewed,Quadratic distance,0.8212,0.006994638992965647
5,2,0.1,mean_skewed,Manhattan distance,0.0278,0.02697347532011584
5,2,0.3,coord_avg,Discrete metric,0.3888,0.039368433028923955
5,2,0.3,coord_avg,Quadratic distance,0.5644,0.01626176636225826
5,2,0.3,coord_avg,Manhattan distance,0.0468,0.023818246387949105
5,2,0.3,coord_max,Discrete metric,0.3888,0.039368433028923955
5,2,0.3,coord_max,Quadratic distance,0.5644,0.01626176636225826
5,2,0.3,coord_max,Manhattan distance,0.0468,0.0238182463879491
5,2,0.3,mean_linear,Discrete metric,0.3888,0.039368433028923955
5,2,0.3,mean_linear,Quadratic distance,0.5644,0.01626176636225825
5,2,0.3,mean_linear,Manhattan distance,0.0468,0.023818246387949278
5,2,0.3,mean_skewed,Discrete metric,0.3888,0.039368433028923955
5,2,0.3,mean_skewed,Quadratic distance,0.5644,0.01626176636225825
5,2,0.3,mean_skewed,Manhattan distance,0.0468,0.023818246387949278
5,2,1.0,coord_avg,Discrete metric,0.7422,0.01533724204166345
5,2,1.0,coord_avg,Quadratic distance,0.195,0.029170575374995712
5,2,1.0,coord_avg,Manhattan distance,0.0628,0.019558526935927488
5,2,1.0,coord_max,Discrete metric,0.7422,0.01533724204166345
5,2,1.0,coord_max,Quadratic distance,0.195,0.029170575374995712
5,2,1.0,coord_max,Manhattan distance,0.0628,0.019558526935927485
5,2,1.0,mean_linear,Discrete metric,0.7422,0.015337242041663453
5,2,1.0,mean_linear,Quadratic distance,0.195,0.029170575374995702
5,2,1.0,mean_linear,Manhattan distance,0.0628,0.019558526935927942
5,2,1.0,mean_skewed,Discrete metric,0.7422,0.015337242041663453
5,2,1.0,mean_skewed,Quadratic distance,0.195,0.029170575374995702
5,2,1.0,mean_skewed,Manhattan distance,0.0628,0.019558526935927942
5,2,3.0,coord_avg,Discrete metric,0.9664,0.0017629191253972073
5,2,3.0,coord_avg,Quadratic distance,0.0174,0.03335625245872924
5,2,3.0,coord_avg,Manhattan distance,0.0162,0.01879136759673098
5,2,3.0,coord_max,Discrete metric,0.9664,0.0017629191253972084
5,2,3.0,coord_max,Quadratic distance,0.0174,0.03335625245872924
5,2,3.0,coord_max,Manhattan distance,0.0162,0.018791367596730977
5,2,3.0,mean_linear,Discrete metric,0.9664,0.0017629191253972106
5,2,3.0,mean_linear,Quadratic distance,0.0174,0.03335625245872924
5,2,3.0,mean_linear,Manhattan distance,0.0162,0.01879136759673176
5,2,3.0,mean_skewed,Discrete metric,0.9664,0.0017629191253972106
5,2,3.0,mean_skewed,Quadratic distance,0.0174,0.03335625245872924
5,2,3.0,mean_skewed,Manhattan distance,0.0162,0.01879136759673176
5,2,10.0,coord_avg,Discrete metric,1.0,0.0
5,2,10.0,coord_avg,Quadratic distance,0.0,0.03333333333333196
5,2,10.0,coord_avg,Manhattan distance,0.0,0.019375371937600555
5,2,10.0,coord_max,Discrete metric,1.0,0.0
5,2,10.0,coord_max,Quadratic distance,0.0,0.03333333333333196
5,2,10.0,coord_max,Manhattan distance,0.0,0.019375371937600555
5,2,10.0,mean_linear,Discrete metric,1.0,0.0
5,2,10.0,mean_linear,Quadratic distance,0.0,0.03333333333333196
5,2,10.0,mean_linear,Manhattan distance,0.0,0.01937537193760157
5,2,10.0,mean_skewed,Discrete metric,1.0,0.0
5,2,10.0,mean_skewed,Quadratic distance,0.0,0.03333333333333196
5,2,10.0,mean_skewed,Manhattan distance,0.0,0.01937537193760157
5,3,0.1,coord_avg,Discrete metric,0.0196,0.06753324558340423
5,3,0.1,coord_avg,Quadratic distance,0.934,0.0037529281230875996
5,3,0.1,coord_avg,Manhattan distance,0.0464,0.024634366805996438
5,3,0.1,coord_max,Discrete metric,0.0152,0.11197985823920385
5,3,0.1,coord_max,Quadratic distance,0.934,0.0030246201439641956
5,3,0.1,coord_max,Manhattan distance,0.0508,0.031024339456727536
5,3,0.1,mean_linear,Discrete metric,0.0498,0.0751636399771834
5,3,0.1,mean_linear,Quadratic distance,0.8466,0.003897925691470591
5,3,0.1,mean_linear,Manhattan distance,0.1036,0.02506857541410249
5,3,0.1,mean_skewed,Discrete metric,0.1044,0.07024732907830004
5,3,0.1,mean_skewed,Quadratic distance,0.8508,0.00685780526877779
5,3,0.1,mean_skewed,Manhattan distance,0.0448,0.027755317477925253
5,3,0.3,coord_avg,Discrete metric,0.101,0.03725330674635716
5,3,0.3,coord_avg,Quadratic distance,0.8182,0.01070410039715196
5,3,0.3,coord_avg,Manhattan distance,0.0808,0.01632451227716871
5,3,0.3,coord_max,Discrete metric,0.0824,0.06737242512461242
5,3,0.3,coord_max,Quadratic distance,0.8182,0.0071867108389000196
5,3,0.3,coord_max,Manhattan distance,0.0994,0.017314294632834737
5,3,0.3,mean_linear,Discrete metric,0.1428,0.048760855418730924
5,3,0.3,mean_linear,Quadratic distance,0.655,0.008693712561585935
5,3,0.3,mean_linear,Manhattan distance,0.2022,0.01774940906731125
5,3,0.3,mean_skewed,Discrete metric,0.269,0.04353228386658817
5,3,0.3,mean_skewed,Quadratic distance,0.6522,0.01718656958087511
5,3,0.3,mean_skewed,Manhattan distance,0.0788,0.022918586666567105
5,3,1.0,coord_avg,Discrete metric,0.4012,0.008249750369809803
5,3,1.0,coord_avg,Quadratic distance,0.499,0.030287210687271134
5,3,1.0,coord_avg,Manhattan distance,0.0998,0.017477379153643745
5,3,1.0,coord_max,Discrete metric,0.336,0.019999565726114173
5,3,1.0,coord_max,Quadratic distance,0.499,0.017411946678495153
5,3,1.0,coord_max,Manhattan distance,0.165,0.010093737295588085
5,3,1.0,mean_linear,Discrete metric,0.4236,0.0184186970866213
5,3,1.0,mean_linear,Quadratic distance,0.3388,0.01748536375328788
5,3,1.0,mean_linear,Manhattan distance,0.2376,0.013367243067542833
5,3,1.0,mean_skewed,Discrete metric,0.5664,0.014446015570932419
5,3,1.0,mean_skewed,Quadratic distance,0.3398,0.03730220604712366
5,3,1.0,mean_skewed,Manhattan distance,0.0938,0.024363570334824718
5,3,3.0,coord_avg,Discrete metric,0.8178,0.0009661787049687042
5,3,3.0,coord_avg,Quadratic distance,0.1188,0.05332363902243056
5,3,3.0,coord_avg,Manhattan distance,0.0634,0.03067603117139611
5,3,3.0,coord_max,Discrete metric,0.7626,0.0031235504339967497
5,3,3.0,coord_max,Quadratic distance,0.1188,0.03371974091018878
5,3,3.0,coord_max,Manhattan distance,0.1186,0.019031912058449993
5,3,3.0,mean_linear,Discrete metric,0.7892,0.003988423920760758
5,3,3.0,mean_linear,Quadratic distance,0.0782,0.02621318582552218
5,3,3.0,mean_linear,Manhattan distance,0.1326,0.016124965859973823
5,3,3.0,mean_skewed,Discrete metric,0.8624,0.0027789054491827257
5,3,3.0,mean_skewed,Quadratic distance,0.08,0.05526461973489866
5,3,3.0,mean_skewed,Manhattan distance,0.0576,0.03254939872952787
5,3,10.0,coord_avg,Discrete metric,0.994,2.3604221353129466e-05
5,3,10.0,coord_avg,Quadratic distance,0.0028,0.060154397872145535
5,3,10.0,coord_avg,Manhattan distance,0.0032,0.03718575752462286
5,3,10.0,coord_max,Discrete metric,0.9916,4.9359976857562904e-05
5,3,10.0,coord_max,Quadratic distance,0.0028,0.04672269331019465
5,3,10.0,coord_max,Manhattan distance,0.0056,0.029686128408154207
5,3,10.0,mean_linear,Discrete metric,0.989,0.00011256787018050207
5,3,10.0,mean_linear,Quadratic distance,0.0016,0.0313492345368461
5,3,10.0,mean_linear,Manhattan distance,0.0094,0.019985919517122
5,3,10.0,mean_skewed,Discrete metric,0.9956,6.906575925346388e-05
5,3,10.0,mean_skewed,Quadratic distance,0.0022,0.05982430385449302
5,3,10.0,mean_skewed,Manhattan distance,0.0022,0.036972794126385676
5,5,0.1,coord_avg,Discrete metric,0.0828,0.06866814124748087
5,5,0.1,coord_avg,Quadratic distance,0.843,0.003899519025259611
5,5,0.1,coord_avg,Manhattan distance,0.0742,0.024021452497691054
5,5,0.1,coord_max,Discrete metric,0.0264,0.1896220696113694
5,5,0.1,coord_max,Quadratic distance,0.9082,0.0017909585002474132
5,5,0.1,coord_max,Manhattan distance,0.0654,0.047822040748948566
5,5,0.1,mean_linear,Discrete metric,0.0598,0.08975212866848294
5,5,0.1,mean_linear,Quadratic distance,0.8314,0.0043779620018167134
5,5,0.1,mean_linear,Manhattan distance,0.1088,0.02495949974657938
5,5,0.1,mean_skewed,Discrete metric,0.0922,0.0729320561761614
5,5,0.1,mean_skewed,Quadratic distance,0.8392,0.007741833953939657
5,5,0.1,mean_skewed,Manhattan distance,0.0686,0.027895316969547765
5,5,0.3,coord_avg,Discrete metric,0.3598,0.032839986140244415
5,5,0.3,coord_avg,Quadratic distance,0.516,0.01245856391802184
5,5,0.3,coord_avg,Manhattan distance,0.1242,0.014631539461120585
5,5,0.3,coord_max,Discrete metric,0.1248,0.11083503426546229
5,5,0.3,coord_max,Quadratic distance,0.7586,0.00394258982101801
5,5,0.3,coord_max,Manhattan distance,0.1166,0.026568976788576698
5,5,0.3,mean_linear,Discrete metric,0.2342,0.04805421789303344
5,5,0.3,mean_linear,Quadratic distance,0.5694,0.012850229797795239
5,5,0.3,mean_linear,Manhattan distance,0.1964,0.016561116994143817
5,5,0.3,mean_skewed,Discrete metric,0.2424,0.04209366970090187
5,5,0.3,mean_skewed,Quadratic distance,0.6374,0.020612558589790813
5,5,0.3,mean_skewed,Manhattan distance,0.1202,0.02314368212049533
5,5,1.0,coord_avg,Discrete metric,0.819,0.0059560587747138245
5,5,1.0,coord_avg,Quadratic distance,0.0988,0.034318636552490865
5,5,1.0,coord_avg,Manhattan distance,0.0822,0.017579533951346815
5,5,1.0,coord_max,Discrete metric,0.3968,0.03962296333452414
5,5,1.0,coord_max,Quadratic distance,0.4026,0.012437185556746916
5,5,1.0,coord_max,Manhattan distance,0.2006,0.01560640466517405
5,5,1.0,mean_linear,Discrete metric,0.6014,0.013517740503165107
5,5,1.0,mean_linear,Quadratic distance,0.21,0.032922978598403374
5,5,1.0,mean_linear,Manhattan distance,0.1886,0.019387840147260426
5,5,1.0,mean_skewed,Discrete metric,0.4832,0.015138013055690626
5,5,1.0,mean_skewed,Quadratic distance,0.3618,0.04323934638902397
5,5,1.0,mean_skewed,Manhattan distance,0.155,0.02628399083387302
5,5,3.0,coord_avg,Discrete metric,0.9936,0.00016080556223081822
5,5,3.0,coord_avg,Quadratic distance,0.0014,0.06401698334000784
5,5,3.0,coord_avg,Manhattan distance,0.005,0.03411735039261522
5,5,3.0,coord_max,Discrete metric,0.7806,0.007853973732937163
5,5,3.0,coord_max,Quadratic distance,0.0466,0.03157708484404808
5,5,3.0,coord_max,Manhattan distance,0.1728,0.020474761779603175
5,5,3.0,mean_linear,Discrete metric,0.9148,0.0016216428645728098
5,5,3.0,mean_linear,Quadratic distance,0.0296,0.057736404769335385
5,5,3.0,mean_linear,Manhattan distance,0.0556,0.034858362867680036
5,5,3.0,mean_skewed,Discrete metric,0.731,0.0035634020640185086
5,5,3.0,mean_skewed,Quadratic distance,0.1566,0.06711406873068336
5,5,3.0,mean_skewed,Manhattan distance,0.1124,0.037886377443009975
5,5,10.0,coord_avg,Discrete metric,1.0,0.0
5,5,10.0,coord_avg,Quadratic distance,0.0,0.09190257777777114
5,5,10.0,coord_avg,Manhattan distance,0.0,0.05213923269972505
5,5,10.0,coord_max,Discrete metric,0.9922,0.00021701598097375934
5,5,10.0,coord_max,Quadratic distance,0.0,0.06614368264763727
5,5,10.0,coord_max,Manhattan distance,0.0078,0.034203859972330136
5,5,10.0,mean_linear,Discrete metric,0.9966,3.565999133657175e-05
5,5,10.0,mean_linear,Quadratic distance,0.0004,0.08074792189610137
5,5,10.0,mean_linear,Manhattan distance,0.003,0.054079626920166754
5,5,10.0,mean_skewed,Discrete metric,0.9348,0.0004654890043480052
5,5,10.0,mean_skewed,Quadratic distance,0.0322,0.09197837789322995
5,5,10.0,mean_skewed,Manhattan distance,0.033,0.052151908403455696
5,10,0.1,coord_avg,Discrete metric,0.0524,0.04851228039488119
5,10,0.1,coord_avg,Quadratic distance,0.793,0.0035046994424989372
5,10,0.1,coord_avg,Manhattan distance,0.1546,0.016582140977800596
5,10,0.1,coord_max,Discrete metric,0.0006,0.25458846867037027
5,10,0.1,coord_max,Quadratic distance,0.9974,0.00010999247988784204
5,10,0.1,coord_max,Manhattan distance,0.002,0.07400138762609726
5,10,0.1,mean_linear,Discrete metric,0.0629,0.1061686064056637
5,10,0.1,mean_linear,Quadratic distance,0.7683,0.006909985273710083
5,10,0.1,mean_linear,Manhattan distance,0.1688,0.02842123239618357
5,10,0.1,mean_skewed,Discrete metric,0.0852,0.054029529663857934
5,10,0.1,mean_skewed,Quadratic distance,0.7812,0.009330291568620253
5,10,0.1,mean_skewed,Manhattan distance,0.1336,0.02200233030128907
5,10,0.3,coord_avg,Discrete metric,0.3208,0.016972949179540175
5,10,0.3,coord_avg,Quadratic distance,0.4552,0.01080970156049303
5,10,0.3,coord_avg,Manhattan distance,0.224,0.008141848767451379
5,10,0.3,coord_max,Discrete metric,0.0134,0.1403373756683103
5,10,0.3,coord_max,Quadratic distance,0.9548,0.0020503280492643098
5,10,0.3,coord_max,Manhattan distance,0.0318,0.04471032141414196
5,10,0.3,mean_linear,Discrete metric,0.2726,0.04318688525759799
5,10,0.3,mean_linear,Quadratic distance,0.4778,0.020182845334558046
5,10,0.3,mean_linear,Manhattan distance,0.2496,0.01659998311445001
5,10,0.3,mean_skewed,Discrete metric,0.1766,0.026936067817452544
5,10,0.3,mean_skewed,Quadratic distance,0.6034,0.020745020198405743
5,10,0.3,mean_skewed,Manhattan distance,0.22,0.01851093430913057
5,10,1.0,coord_avg,Discrete metric,0.8552,0.0018103420163053663
5,10,1.0,coord_avg,Quadratic distance,0.0492,0.026891427730591954
5,10,1.0,coord_avg,Manhattan distance,0.0956,0.012736023770561052
5,10,1.0,coord_max,Discrete metric,0.124,0.06068011538747085
5,10,1.0,coord_max,Quadratic distance,0.6458,0.016950686816043285
5,10,1.0,coord_max,Manhattan distance,0.2302,0.023919786449350965
5,10,1.0,mean_linear,Discrete metric,0.7255,0.006865923186063803
5,10,1.0,mean_linear,Quadratic distance,0.1221,0.05065079059026459
5,10,1.0,mean_linear,Manhattan distance,0.1524,0.025030858019164406
5,10,1.0,mean_skewed,Discrete metric,0.3108,0.010490329822021657
5,10,1.0,mean_skewed,Quadratic distance,0.3112,0.03618680601249809
5,10,1.0,mean_skewed,Manhattan distance,0.378,0.02170100799105543
5,10,3.0,coord_avg,Discrete metric,0.9974,2.5315451966687523e-05
5,10,3.0,coord_avg,Quadratic distance,0.0004,0.03792640116625038
5,10,3.0,coord_avg,Manhattan distance,0.0022,0.021282397642597373
5,10,3.0,coord_max,Discrete metric,0.4912,0.024614400002455343
5,10,3.0,coord_max,Quadratic distance,0.1314,0.050274019050076384
5,10,3.0,coord_max,Manhattan distance,0.3774,0.02572637169687009
5,10,3.0,mean_linear,Discrete metric,0.9605,0.0004578917449536307
5,10,3.0,mean_linear,Quadratic distance,0.0095,0.07201239198545363
5,10,3.0,mean_linear,Manhattan distance,0.03,0.041709431098051766
5,10,3.0,mean_skewed,Discrete metric,0.4298,0.0033099203186411565
5,10,3.0,mean_skewed,Quadratic distance,0.037,0.04034496793769157
5,10,3.0,mean_skewed,Manhattan distance,0.5332,0.024006610369857816
5,10,10.0,coord_avg,Discrete metric,1.0,0.0
5,10,10.0,coord_avg,Quadratic distance,0.0,0.039042552380949995
5,10,10.0,coord_avg,Manhattan distance,0.0,0.023245861909570308
5,10,10.0,coord_max,Discrete metric,0.937,0.0030519295332962163
5,10,10.0,coord_max,Quadratic distance,0.0012,0.07512612000948238
5,10,10.0,coord_max,Manhattan distance,0.0618,0.04362049792378684
5,10,10.0,mean_linear,Discrete metric,0.9992,6.728696383412869e-06
5,10,10.0,mean_linear,Quadratic distance,0.0002,0.07536655938421323
5,10,10.0,mean_linear,Manhattan distance,0.0006,0.04680086290852664
5,10,10.0,mean_skewed,Discrete metric,0.4908,0.0003434006462586506
5,10,10.0,mean_skewed,Quadratic distance,0.0002,0.03912606731292865
5,10,10.0,mean_skewed,Manhattan distance,0.509,0.023381529880697898
10,2,0.1,coord_avg,Discrete metric,0.218,0.03161763490471889
10,2,0.1,coord_avg,Quadratic distance,0.76,0.002708543995627978
10,2,0.1,coord_avg,Manhattan distance,0.022,0.014015281433546996
10,2,0.1,coord_max,Discrete metric,0.218,0.03161763490471889
10,2,0.1,coord_max,Quadratic distance,0.76,0.002708543995627982
10,2,0.1,coord_max,Manhattan distance,0.022,0.014015281433547
10,2,0.1,mean_linear,Discrete metric,0.218,0.03161763490471888
10,2,0.1,mean_linear,Quadratic distance,0.76,0.0027085439956279767
10,2,0.1,mean_linear,Manhattan distance,0.022,0.014015281433548216
10,2,0.1,mean_skewed,Discrete metric,0.218,0.03161763490471888
10,2,0.1,mean_skewed,Quadratic distance,0.76,0.0027085439956279767
10,2,0.1,mean_skewed,Manhattan distance,0.022,0.014015281433548216
10,2,0.3,coord_avg,Discrete metric,0.5112,0.01925999546906155
10,2,0.3,coord_avg,Quadratic distance,0.4454,0.006080904559969933
10,2,0.3,coord_avg,Manhattan distance,0.0434,0.010208974253493904
10,2,0.3,coord_max,Discrete metric,0.5112,0.01925999546906155
10,2,0.3,coord_max,Quadratic distance,0.4454,0.006080904559969935
10,2,0.3,coord_max,Manhattan distance,0.0434,0.01020897425349392
10,2,0.3,mean_linear,Discrete metric,0.5112,0.019259995469061545
10,2,0.3,mean_linear,Quadratic distance,0.4454,0.0060809045599699305
10,2,0.3,mean_linear,Manhattan distance,0.0434,0.01020897425349661
10,2,0.3,mean_skewed,Discrete metric,0.5112,0.019259995469061545
10,2,0.3,mean_skewed,Quadratic distance,0.4454,0.0060809045599699305
10,2,0.3,mean_skewed,Manhattan distance,0.0434,0.01020897425349661
10,2,1.0,coord_avg,Discrete metric,0.8654,0.0049294853486150465
10,2,1.0,coord_avg,Quadratic distance,0.1006,0.008990394439523592
10,2,1.0,coord_avg,Manhattan distance,0.034,0.006315973105601076
10,2,1.0,coord_max,Discrete metric,0.8654,0.0049294853486150465
10,2,1.0,coord_max,Quadratic distance,0.1006,0.008990394439523593
10,2,1.0,coord_max,Manhattan distance,0.034,0.006315973105601126
10,2,1.0,mean_linear,Discrete metric,0.8654,0.004929485348615044
10,2,1.0,mean_linear,Quadratic distance,0.1006,0.008990394439523592
10,2,1.0,mean_linear,Manhattan distance,0.034,0.006315973105604445
10,2,1.0,mean_skewed,Discrete metric,0.8654,0.004929485348615044
10,2,1.0,mean_skewed,Quadratic distance,0.1006,0.008990394439523592
10,2,1.0,mean_skewed,Manhattan distance,0.034,0.006315973105604445
10,2,3.0,coord_avg,Discrete metric,0.9952,0.00015224941435933582
10,2,3.0,coord_avg,Quadratic distance,0.0022,0.009133158505267759
10,2,3.0,coord_avg,Manhattan distance,0.0026,0.005559492341528298
10,2,3.0,coord_max,Discrete metric,0.9952,0.00015224941435933574
10,2,3.0,coord_max,Quadratic distance,0.0022,0.00913315850526776
10,2,3.0,coord_max,Manhattan distance,0.0026,0.005559492341528375
10,2,3.0,mean_linear,Discrete metric,0.9952,0.00015224941435933533
10,2,3.0,mean_linear,Quadratic distance,0.0022,0.009133158505267759
10,2,3.0,mean_linear,Manhattan distance,0.0026,0.005559492341529592
10,2,3.0,mean_skewed,Discrete metric,0.9952,0.00015224941435933533
10,2,3.0,mean_skewed,Quadratic distance,0.0022,0.009133158505267759
10,2,3.0,mean_skewed,Manhattan distance,0.0026,0.005559492341529592
10,2,10.0,coord_avg,Discrete metric,1.0,0.0
10,2,10.0,coord_avg,Quadratic distance,0.0,0.009090909090908412
10,2,10.0,coord_avg,Manhattan distance,0.0,0.005671053322915669
10,2,10.0,coord_max,Discrete metric,1.0,0.0
10,2,10.0,coord_max,Quadratic distance,0.0,0.00909090909090842
10,2,10.0,coord_max,Manhattan distance,0.0,0.005671053322915713
10,2,10.0,mean_linear,Discrete metric,1.0,0.0
10,2,10.0,mean_linear,Quadratic distance,0.0,0.009090909090908426
10,2,10.0,mean_linear,Manhattan distance,0.0,0.005671053322915962
10,2,10.0,mean_skewed,Discrete metric,1.0,0.0
10,2,10.0,mean_skewed,Quadratic distance,0.0,0.009090909090908426
10,2,10.0,mean_skewed,Manhattan distance,0.0,0.005671053322915962
10,3,0.1,coord_avg,Discrete metric,0.0402,0.041500521936128354
10,3,0.1,coord_avg,Quadratic distance,0.9116,0.0018922391078456734
10,3,0.1,coord_avg,Manhattan distance,0.0482,0.013678581443322414
10,3,0.1,coord_max,Discrete metric,0.0104,0.07186009713110958
10,3,0.1,coord_max,Quadratic distance,0.9356,0.001121612282622283
10,3,0.1,coord_max,Manhattan distance,0.054,0.016990661121990845
10,3,0.1,mean_linear,Discrete metric,0.0446,0.04682313221222064
10,3,0.1,mean_linear,Quadratic distance,0.8148,0.0012690413031316223
10,3,0.1,mean_linear,Manhattan distance,0.1406,0.013494966649039711
10,3,0.1,mean_skewed,Discrete metric,0.1298,0.04291357803895646
10,3,0.1,mean_skewed,Quadratic distance,0.836,0.0034881234935029808
10,3,0.1,mean_skewed,Manhattan distance,0.0342,0.01527488140603449
10,3,0.3,coord_avg,Discrete metric,0.2072,0.022894849763533103
10,3,0.3,coord_avg,Quadratic distance,0.7152,0.005555455824139849
10,3,0.3,coord_avg,Manhattan distance,0.0776,0.009319040778058209
10,3,0.3,coord_max,Discrete metric,0.0692,0.04342293534396968
10,3,0.3,coord_max,Quadratic distance,0.8246,0.001869905040940047
10,3,0.3,coord_max,Manhattan distance,0.1062,0.009075522380102504
10,3,0.3,mean_linear,Discrete metric,0.143,0.029760093087861615
10,3,0.3,mean_linear,Quadratic distance,0.6104,0.0024266082393768714
10,3,0.3,mean_linear,Manhattan distance,0.2466,0.00873511264316249
10,3,0.3,mean_skewed,Discrete metric,0.2966,0.025822199586742273
10,3,0.3,mean_skewed,Quadratic distance,0.6392,0.007887654132196092
10,3,0.3,mean_skewed,Manhattan distance,0.0642,0.011718351293382695
10,3,1.0,coord_avg,Discrete metric,0.6454,0.005964960832291332
10,3,1.0,coord_avg,Quadratic distance,0.2748,0.013227789115120863
10,3,1.0,coord_avg,Manhattan distance,0.0798,0.008893352917326475
10,3,1.0,coord_max,Discrete metric,0.2782,0.015006010774900415
10,3,1.0,coord_max,Quadratic distance,0.5474,0.002935404714294607
10,3,1.0,coord_max,Manhattan distance,0.1744,0.003498178982097666
10,3,1.0,mean_linear,Discrete metric,0.4002,0.010570494511667623
10,3,1.0,mean_linear,Quadratic distance,0.3266,0.003811252087425217
10,3,1.0,mean_linear,Manhattan distance,0.2732,0.004589094832828105
10,3,1.0,mean_skewed,Discrete metric,0.5962,0.008284049793236452
10,3,1.0,mean_skewed,Quadratic distance,0.3164,0.015447383126569656
10,3,1.0,mean_skewed,Manhattan distance,0.0874,0.011081758870393926
10,3,3.0,coord_avg,Discrete metric,0.9666,0.0004481252323230771
10,3,3.0,coord_avg,Quadratic distance,0.0194,0.0169731757373755
10,3,3.0,coord_avg,Manhattan distance,0.014,0.011122722772513338
10,3,3.0,coord_max,Discrete metric,0.6374,0.002974545777775756
10,3,3.0,coord_max,Quadratic distance,0.1996,0.005278485171714969
10,3,3.0,coord_max,Manhattan distance,0.163,0.003607583609530601
10,3,3.0,mean_linear,Discrete metric,0.692,0.0021171020601796933
10,3,3.0,mean_linear,Quadratic distance,0.135,0.005022253575331036
10,3,3.0,mean_linear,Manhattan distance,0.173,0.0038714748961326487
10,3,3.0,mean_skewed,Discrete metric,0.8586,0.0012901650614358185
10,3,3.0,mean_skewed,Quadratic distance,0.0772,0.018038346879617684
10,3,3.0,mean_skewed,Manhattan distance,0.0642,0.012054346771390693
10,3,10.0,coord_avg,Discrete metric,1.0,0.0
10,3,10.0,coord_avg,Quadratic distance,0.0,0.01717171717171919
10,3,10.0,coord_avg,Manhattan distance,0.0,0.01176789793224315
10,3,10.0,coord_max,Discrete metric,0.9456,0.00025248787289558743
10,3,10.0,coord_max,Quadratic distance,0.009,0.009187336357744757
10,3,10.0,coord_max,Manhattan distance,0.0454,0.00623525450259034
10,3,10.0,mean_linear,Discrete metric,0.9402,0.00017539759299267446
10,3,10.0,mean_linear,Quadratic distance,0.0092,0.007033730926325566
10,3,10.0,mean_linear,Manhattan distance,0.0506,0.0049209008088145064
10,3,10.0,mean_skewed,Discrete metric,0.9828,8.421169910735092e-05
10,3,10.0,mean_skewed,Quadratic distance,0.002,0.017070575335471634
10,3,10.0,mean_skewed,Manhattan distance,0.0152,0.011706475403405844
10,5,0.1,coord_avg,Discrete metric,0.019,0.04538408435703496
10,5,0.1,coord_avg,Quadratic distance,0.899,0.0013419544869057729
10,5,0.1,coord_avg,Manhattan distance,0.082,0.013495171179712545
10,5,0.1,coord_max,Discrete metric,0.0016,0.13816093306347146
10,5,0.1,coord_max,Quadratic distance,0.9564,0.0002984655310014823
10,5,0.1,coord_max,Manhattan distance,0.042,0.029341353148445517
10,5,0.1,mean_linear,Discrete metric,0.0273,0.06185777116785016
10,5,0.1,mean_linear,Quadratic distance,0.8701,0.0014102004052788729
10,5,0.1,mean_linear,Manhattan distance,0.1026,0.014410136671810398
10,5,0.1,mean_skewed,Discrete metric,0.11,0.04744379183583766
10,5,0.1,mean_skewed,Quadratic distance,0.85,0.0042874368574818186
10,5,0.1,mean_skewed,Manhattan distance,0.04,0.016095994913740152
10,5,0.3,coord_avg,Discrete metric,0.1868,0.020560263661830742
10,5,0.3,coord_avg,Quadratic distance,0.6642,0.004652933791700413
10,5,0.3,coord_avg,Manhattan distance,0.149,0.007140727345216303
10,5,0.3,coord_max,Discrete metric,0.014,0.08370857877551029
10,5,0.3,coord_max,Quadratic distance,0.9644,0.0002456090785401456
10,5,0.3,coord_max,Manhattan distance,0.0216,0.01934841201219472
10,5,0.3,mean_linear,Discrete metric,0.1538,0.031113393705574772
10,5,0.3,mean_linear,Quadratic distance,0.6334,0.00392960249678345
10,5,0.3,mean_linear,Manhattan distance,0.2128,0.008179474358749383
10,5,0.3,mean_skewed,Discrete metric,0.271,0.027741207136078794
10,5,0.3,mean_skewed,Quadratic distance,0.6452,0.01143416817503929
10,5,0.3,mean_skewed,Manhattan distance,0.0838,0.014097911491041545
10,5,1.0,coord_avg,Discrete metric,0.7306,0.003414012191117017
10,5,1.0,coord_avg,Quadratic distance,0.169,0.015133882320987481
10,5,1.0,coord_avg,Manhattan distance,0.1004,0.008621141785639809
10,5,1.0,coord_max,Discrete metric,0.099,0.037240354867446784
10,5,1.0,coord_max,Quadratic distance,0.896,0.0009481860362779637
10,5,1.0,coord_max,Manhattan distance,0.005,0.01187943756962584
10,5,1.0,mean_linear,Discrete metric,0.554,0.006991996400704376
10,5,1.0,mean_linear,Quadratic distance,0.2672,0.011228133596841485
10,5,1.0,mean_linear,Manhattan distance,0.1788,0.007687505356847248
10,5,1.0,mean_skewed,Discrete metric,0.56,0.01090366679552506
10,5,1.0,mean_skewed,Quadratic distance,0.324,0.022760623505481435
10,5,1.0,mean_skewed,Manhattan distance,0.116,0.01619800168187643
10,5,3.0,coord_avg,Discrete metric,0.9882,0.00010037271348034575
10,5,3.0,coord_avg,Quadratic distance,0.004,0.027094242843350713
10,5,3.0,coord_avg,Manhattan distance,0.0078,0.016573180945085243
10,5,3.0,coord_max,Discrete metric,0.3978,0.011254829118810875
10,5,3.0,coord_max,Quadratic distance,0.5962,0.0043361191621005685
10,5,3.0,coord_max,Manhattan distance,0.006,0.009237714719448717
10,5,3.0,mean_linear,Discrete metric,0.9152,0.0005633839731473928
10,5,3.0,mean_linear,Quadratic distance,0.0482,0.020787496527260738
10,5,3.0,mean_linear,Manhattan distance,0.0366,0.014566128585526578
10,5,3.0,mean_skewed,Discrete metric,0.8164,0.002852803451363792
10,5,3.0,mean_skewed,Quadratic distance,0.1344,0.030017335918896458
10,5,3.0,mean_skewed,Manhattan distance,0.0492,0.01942043461417329
10,5,10.0,coord_avg,Discrete metric,1.0,0.0
10,5,10.0,coord_avg,Quadratic distance,0.0,0.03010587012987139
10,5,10.0,coord_avg,Manhattan distance,0.0,0.020136370611197687
10,5,10.0,coord_max,Discrete metric,0.8726,0.0012679276617237254
10,5,10.0,coord_max,Quadratic distance,0.1272,0.011272317272114068
10,5,10.0,coord_max,Manhattan distance,0.0002,0.01105572254538178
10,5,10.0,mean_linear,Discrete metric,0.9992,5.0611942207918205e-06
10,5,10.0,mean_linear,Quadratic distance,0.0006,0.024435970285131642
10,5,10.0,mean_linear,Manhattan distance,0.0002,0.018491483671759904
10,5,10.0,mean_skewed,Discrete metric,0.9718,0.0002839173045690903
10,5,10.0,mean_skewed,Quadratic distance,0.0272,0.03057590431755658
10,5,10.0,mean_skewed,Manhattan distance,0.001,0.02049112747224884
10,10,0.1,coord_avg,Discrete metric,0.0038,0.03589467499462622
10,10,0.1,coord_avg,Quadratic distance,0.8112,0.0008109506952415497
10,10,0.1,coord_avg,Manhattan distance,0.185,0.009709570042190014
10,10,0.1,coord_max,Discrete metric,0.0002,0.21966412781954933
10,10,0.1,coord_max,Quadratic distance,0.9998,5.071770334928227e-07
10,10,0.1,coord_max,Manhattan distance,0.0,0.05441024400900144
10,10,0.1,mean_linear,Discrete metric,0.0132,0.08359051271159591
10,10,0.1,mean_linear,Quadratic distance,0.8488,0.0016295639751468343
10,10,0.1,mean_linear,Manhattan distance,0.138,0.01922815421796212
10,10,0.1,mean_skewed,Discrete metric,0.0866,0.04104959553562651
10,10,0.1,mean_skewed,Quadratic distance,0.7582,0.005226487652279774
10,10,0.1,mean_skewed,Manhattan distance,0.1552,0.014253681238520442
10,10,0.3,coord_avg,Discrete metric,0.1024,0.013674722164954039
10,10,0.3,coord_avg,Quadratic distance,0.5954,0.0032436804052520495
10,10,0.3,coord_avg,Manhattan distance,0.3022,0.003771526490611818
10,10,0.3,coord_max,Discrete metric,0.0066,0.1340588675096801
10,10,0.3,coord_max,Quadratic distance,0.9934,4.283208020050133e-05
10,10,0.3,coord_max,Manhattan distance,0.0,0.041339805478811976
10,10,0.3,mean_linear,Discrete metric,0.1491,0.035449458054368665
10,10,0.3,mean_linear,Quadratic distance,0.5773,0.006242234545488223
10,10,0.3,mean_linear,Manhattan distance,0.2736,0.009034324667464252
10,10,0.3,mean_skewed,Discrete metric,0.2232,0.023892395474662372
10,10,0.3,mean_skewed,Quadratic distance,0.3942,0.01229763015226555
10,10,0.3,mean_skewed,Manhattan distance,0.3826,0.013240699498927878
10,10,1.0,coord_avg,Discrete metric,0.734,0.0010953005699157199
10,10,1.0,coord_avg,Quadratic distance,0.1088,0.01569602944513358
10,10,1.0,coord_avg,Manhattan distance,0.1572,0.007681090570554087
10,10,1.0,coord_max,Discrete metric,0.0942,0.06086184062428814
10,10,1.0,coord_max,Quadratic distance,0.9058,0.0008397057796005193
10,10,1.0,coord_max,Manhattan distance,0.0,0.025023672842697433
10,10,1.0,mean_linear,Discrete metric,0.7032,0.004604843785324187
10,10,1.0,mean_linear,Quadratic distance,0.114,0.02714820424693942
10,10,1.0,mean_linear,Manhattan distance,0.1828,0.013631641718035005
10,10,1.0,mean_skewed,Discrete metric,0.472,0.009769228705854179
10,10,1.0,mean_skewed,Quadratic distance,0.131,0.024703147518036733
10,10,1.0,mean_skewed,Manhattan distance,0.397,0.01653374254106393
10,10,3.0,coord_avg,Discrete metric,0.9964,4.481967772534118e-06
10,10,3.0,coord_avg,Quadratic distance,0.0004,0.03217127830330765
10,10,3.0,coord_avg,Manhattan distance,0.0032,0.018365412762960772
10,10,3.0,coord_max,Discrete metric,0.4952,0.0181401339090192
10,10,3.0,coord_max,Quadratic distance,0.491,0.005518962951322207
10,10,3.0,coord_max,Manhattan distance,0.0138,0.01619231065978487
10,10,3.0,mean_linear,Discrete metric,0.984,0.00010338506132012564
10,10,3.0,mean_linear,Quadratic distance,0.0024,0.05561409086785921
10,10,3.0,mean_linear,Manhattan distance,0.0136,0.03301619103047055
10,10,3.0,mean_skewed,Discrete metric,0.6776,0.0031959734020134897
10,10,3.0,mean_skewed,Quadratic distance,0.0528,0.03495870921883006
10,10,3.0,mean_skewed,Manhattan distance,0.2696,0.021304641632384793
10,10,10.0,coord_avg,Discrete metric,1.0,0.0
10,10,10.0,coord_avg,Quadratic distance,0.0,0.04630916935141211
10,10,10.0,coord_avg,Manhattan distance,0.0,0.02780786104268509
10,10,10.0,coord_max,Discrete metric,0.656,0.002988184674767653
10,10,10.0,coord_max,Quadratic distance,0.0338,0.01815525439452215
10,10,10.0,coord_max,Manhattan distance,0.3102,0.014539204352582033
10,10,10.0,mean_linear,Discrete metric,1.0,0.0
10,10,10.0,mean_linear,Quadratic distance,0.0,0.07965317053316803
10,10,10.0,mean_linear,Manhattan distance,0.0,0.0508322965996674
10,10,10.0,mean_skewed,Discrete metric,0.8686,0.0006843684953234011
10,10,10.0,mean_skewed,Quadratic distance,0.0034,0.04695126186511491
10,10,10.0,mean_skewed,Manhattan distance,0.128,0.02844284405290121
20,2,0.1,coord_avg,Discrete metric,0.272,0.016265453168797385
20,2,0.1,coord_avg,Quadratic distance,0.7058,0.0010014055497506156
20,2,0.1,coord_avg,Manhattan distance,0.0222,0.006752070717928038
20,2,0.1,coord_max,Discrete metric,0.272,0.016265453168797385
20,2,0.1,coord_max,Quadratic distance,0.7058,0.0010014055497506156
20,2,0.1,coord_max,Manhattan distance,0.0222,0.006752070717928047
20,2,0.1,mean_linear,Discrete metric,0.272,0.016265453168797385
20,2,0.1,mean_linear,Quadratic distance,0.7058,0.0010014055497506178
20,2,0.1,mean_linear,Manhattan distance,0.0222,0.006752070717928099
20,2,0.1,mean_skewed,Discrete metric,0.272,0.016265453168797385
20,2,0.1,mean_skewed,Quadratic distance,0.7058,0.0010014055497506178
20,2,0.1,mean_skewed,Manhattan distance,0.0222,0.006752070717928099
20,2,0.3,coord_avg,Discrete metric,0.5852,0.009063339730535407
20,2,0.3,coord_avg,Quadratic distance,0.3796,0.0019542921114878674
20,2,0.3,coord_avg,Manhattan distance,0.0352,0.004228301888935074
20,2,0.3,coord_max,Discrete metric,0.5852,0.009063339730535407
20,2,0.3,coord_max,Quadratic distance,0.3796,0.0019542921114878683
20,2,0.3,coord_max,Manhattan distance,0.0352,0.004228301888935086
20,2,0.3,mean_linear,Discrete metric,0.5852,0.009063339730535407
20,2,0.3,mean_linear,Quadratic distance,0.3796,0.0019542921114879042
20,2,0.3,mean_linear,Manhattan distance,0.0352,0.0042283018889351385
20,2,0.3,mean_skewed,Discrete metric,0.5852,0.009063339730535407
20,2,0.3,mean_skewed,Quadratic distance,0.3796,0.0019542921114879042
20,2,0.3,mean_skewed,Manhattan distance,0.0352,0.0042283018889351385
20,2,1.0,coord_avg,Discrete metric,0.9354,0.0013071080679128565
20,2,1.0,coord_avg,Quadratic distance,0.0476,0.0024980604488651307
20,2,1.0,coord_avg,Manhattan distance,0.017,0.0017629307501638223
20,2,1.0,coord_max,Discrete metric,0.9354,0.001307108067912856
20,2,1.0,coord_max,Quadratic distance,0.0476,0.002498060448865139
20,2,1.0,coord_max,Manhattan distance,0.017,0.0017629307501638102
20,2,1.0,mean_linear,Discrete metric,0.9354,0.0013071080679128559
20,2,1.0,mean_linear,Quadratic distance,0.0476,0.0024980604488652695
20,2,1.0,mean_linear,Manhattan distance,0.017,0.001762930750163931
20,2,1.0,mean_skewed,Discrete metric,0.9354,0.0013071080679128559
20,2,1.0,mean_skewed,Quadratic distance,0.0476,0.0024980604488652695
20,2,1.0,mean_skewed,Manhattan distance,0.017,0.001762930750163931
20,2,3.0,coord_avg,Discrete metric,0.9996,7.234884832588187e-06
20,2,3.0,coord_avg,Quadratic distance,0.0002,0.002383187265784801
20,2,3.0,coord_avg,Manhattan distance,0.0002,0.0015154532813516754
20,2,3.0,coord_max,Discrete metric,0.9996,7.234884832588184e-06
20,2,3.0,coord_max,Quadratic distance,0.0002,0.0023831872657848097
20,2,3.0,coord_max,Manhattan distance,0.0002,0.0015154532813516628
20,2,3.0,mean_linear,Discrete metric,0.9996,7.23488483258817e-06
20,2,3.0,mean_linear,Quadratic distance,0.0002,0.002383187265784996
20,2,3.0,mean_linear,Manhattan distance,0.0002,0.0015154532813517949
20,2,3.0,mean_skewed,Discrete metric,0.9996,7.23488483258817e-06
20,2,3.0,mean_skewed,Quadratic distance,0.0002,0.002383187265784996
20,2,3.0,mean_skewed,Manhattan distance,0.0002,0.0015154532813517949
20,2,10.0,coord_avg,Discrete metric,1.0,0.0
20,2,10.0,coord_avg,Quadratic distance,0.0,0.0023809523809521583
20,2,10.0,coord_avg,Manhattan distance,0.0,0.0015363421839628434
20,2,10.0,coord_max,Discrete metric,1.0,0.0
20,2,10.0,coord_max,Quadratic distance,0.0,0.002380952380952157
20,2,10.0,coord_max,Manhattan distance,0.0,0.0015363421839628471
20,2,10.0,mean_linear,Discrete metric,1.0,0.0
20,2,10.0,mean_linear,Quadratic distance,0.0,0.0023809523809524055
20,2,10.0,mean_linear,Manhattan distance,0.0,0.0015363421839629317
20,2,10.0,mean_skewed,Discrete metric,1.0,0.0
20,2,10.0,mean_skewed,Quadratic distance,0.0,0.0023809523809524055
20,2,10.0,mean_skewed,Manhattan distance,0.0,0.0015363421839629317
20,3,0.1,coord_avg,Discrete metric,0.071,0.022634360550592415
20,3,0.1,coord_avg,Quadratic distance,0.8844,0.0008552985015313781
20,3,0.1,coord_avg,Manhattan distance,0.0446,0.0070810639262250605
20,3,0.1,coord_max,Discrete metric,0.0034,0.04065445688855934
20,3,0.1,coord_max,Quadratic distance,0.949,0.0004289590530608566
20,3,0.1,coord_max,Manhattan distance,0.0476,0.008915881139637033
20,3,0.1,mean_linear,Discrete metric,0.033,0.025981873896340237
20,3,0.1,mean_linear,Quadratic distance,0.804,0.00040790203486819776
20,3,0.1,mean_linear,Manhattan distance,0.163,0.007045469207280881
20,3,0.1,mean_skewed,Discrete metric,0.1334,0.023268182558653237
20,3,0.1,mean_skewed,Quadratic distance,0.8352,0.0017436371041078733
20,3,0.1,mean_skewed,Manhattan distance,0.0314,0.007899010400960062
20,3,0.3,coord_avg,Discrete metric,0.3178,0.011402910610607692
20,3,0.3,coord_avg,Quadratic distance,0.6192,0.002232737450435157
20,3,0.3,coord_avg,Manhattan distance,0.063,0.004355801289540574
20,3,0.3,coord_max,Discrete metric,0.012,0.02427195829417902
20,3,0.3,coord_max,Quadratic distance,0.9166,0.0004314604586811747
20,3,0.3,coord_max,Manhattan distance,0.0714,0.004799267091330672
20,3,0.3,mean_linear,Discrete metric,0.0954,0.01581046151657369
20,3,0.3,mean_linear,Quadratic distance,0.6526,0.0005971606507728415
20,3,0.3,mean_linear,Manhattan distance,0.252,0.00431754104508371
20,3,0.3,mean_skewed,Discrete metric,0.3076,0.013087885382437194
20,3,0.3,mean_skewed,Quadratic distance,0.643,0.003952560707112794
20,3,0.3,mean_skewed,Manhattan distance,0.0494,0.0060405778779892795
20,3,1.0,coord_avg,Discrete metric,0.8138,0.0021174529727167016
20,3,1.0,coord_avg,Quadratic distance,0.1414,0.004307279812543539
20,3,1.0,coord_avg,Manhattan distance,0.0448,0.003062437939891215
20,3,1.0,coord_max,Discrete metric,0.0578,0.00984953888102259
20,3,1.0,coord_max,Quadratic distance,0.8616,0.00027800208448592933
20,3,1.0,coord_max,Manhattan distance,0.0806,0.0018757093537051484
20,3,1.0,mean_linear,Discrete metric,0.2484,0.006139135540039226
20,3,1.0,mean_linear,Quadratic distance,0.5642,0.0006163433322470978
20,3,1.0,mean_linear,Manhattan distance,0.1874,0.0020080013991254204
20,3,1.0,mean_skewed,Discrete metric,0.5702,0.004320026106674146
20,3,1.0,mean_skewed,Quadratic distance,0.384,0.00639106506771316
20,3,1.0,mean_skewed,Manhattan distance,0.0458,0.0052243305369283
20,3,3.0,coord_avg,Discrete metric,0.993,7.248075002344877e-05
20,3,3.0,coord_avg,Quadratic distance,0.0044,0.00461675203429468
20,3,3.0,coord_avg,Manhattan distance,0.0026,0.0032086560134366323
20,3,3.0,coord_max,Discrete metric,0.1958,0.0036996549384667745
20,3,3.0,coord_max,Quadratic distance,0.7046,0.0004439406527525689
20,3,3.0,coord_max,Manhattan distance,0.0996,0.0010162412952946683
20,3,3.0,mean_linear,Discrete metric,0.3958,0.002330992716980515
20,3,3.0,mean_linear,Quadratic distance,0.4734,0.0006958736693614936
20,3,3.0,mean_linear,Manhattan distance,0.1308,0.0011790402991384943
20,3,3.0,mean_skewed,Discrete metric,0.722,0.001291336655809357
20,3,3.0,mean_skewed,Quadratic distance,0.2426,0.005804323668796422
20,3,3.0,mean_skewed,Manhattan distance,0.0354,0.0043885406571443075
20,3,10.0,coord_avg,Discrete metric,1.0,0.0
20,3,10.0,coord_avg,Quadratic distance,0.0,0.0046176046176045656
20,3,10.0,coord_avg,Manhattan distance,0.0,0.0033099255995917604
20,3,10.0,coord_max,Discrete metric,0.532,0.0008463896279858645
20,3,10.0,coord_max,Quadratic distance,0.2828,0.0012680346496309629
20,3,10.0,coord_max,Manhattan distance,0.1852,0.0010347539555023851
20,3,10.0,mean_linear,Discrete metric,0.6568,0.0005967302514662922
20,3,10.0,mean_linear,Quadratic distance,0.2366,0.001165994320730373
20,3,10.0,mean_linear,Manhattan distance,0.1066,0.0010014523593791069
20,3,10.0,mean_skewed,Discrete metric,0.8424,0.0002873779573962108
20,3,10.0,mean_skewed,Quadratic distance,0.097,0.00493802730804562
20,3,10.0,mean_skewed,Manhattan distance,0.0606,0.0036032963277815334
20,5,0.1,coord_avg,Discrete metric,0.002,0.025825912567587005
20,5,0.1,coord_avg,Quadratic distance,0.9032,0.0004951411390138315
20,5,0.1,coord_avg,Manhattan distance,0.0948,0.007133045080944998
20,5,0.1,coord_max,Discrete metric,0.0,0.08478316983371392
20,5,0.1,coord_max,Quadratic distance,0.969,6.166983371440845e-05
20,5,0.1,coord_max,Manhattan distance,0.031,0.016780692920940418
20,5,0.1,mean_linear,Discrete metric,0.0084,0.036602237002720736
20,5,0.1,mean_linear,Quadratic distance,0.916,0.00043879403264786434
20,5,0.1,mean_linear,Manhattan distance,0.0756,0.007988120681761182
20,5,0.1,mean_skewed,Discrete metric,0.124,0.027786440009749617
20,5,0.1,mean_skewed,Quadratic distance,0.834,0.0024042019145114816
20,5,0.1,mean_skewed,Manhattan distance,0.042,0.009087167962389769
20,5,0.3,coord_avg,Discrete metric,0.0588,0.011653234364654971
20,5,0.3,coord_avg,Quadratic distance,0.7208,0.0014560629360837623
20,5,0.3,coord_avg,Manhattan distance,0.2204,0.0033992275759062887
20,5,0.3,coord_max,Discrete metric,0.0006,0.05415209399644155
20,5,0.3,coord_max,Quadratic distance,0.989,2.2260663107875396e-05
20,5,0.3,coord_max,Manhattan distance,0.0104,0.012773594370211723
20,5,0.3,mean_linear,Discrete metric,0.094,0.018636261547882796
20,5,0.3,mean_linear,Quadratic distance,0.7486,0.0010853806896105914
20,5,0.3,mean_linear,Manhattan distance,0.1574,0.004378041056385852
20,5,0.3,mean_skewed,Discrete metric,0.33,0.016511742119204177
20,5,0.3,mean_skewed,Quadratic distance,0.5684,0.006633742119204218
20,5,0.3,mean_skewed,Manhattan distance,0.1016,0.008426549772586698
20,5,1.0,coord_avg,Discrete metric,0.5078,0.0015107056586225486
20,5,1.0,coord_avg,Quadratic distance,0.3334,0.00536973423005123
20,5,1.0,coord_avg,Manhattan distance,0.1588,0.003275806188294149
20,5,1.0,coord_max,Discrete metric,0.0142,0.026182142857142425
20,5,1.0,coord_max,Quadratic distance,0.9858,3.957142857142889e-05
20,5,1.0,coord_max,Manhattan distance,0.0,0.008546619896552664
20,5,1.0,mean_linear,Discrete metric,0.5308,0.004005193226412774
20,5,1.0,mean_linear,Quadratic distance,0.3366,0.0029791417959591803
20,5,1.0,mean_linear,Manhattan distance,0.1326,0.0028533680329998973
20,5,1.0,mean_skewed,Discrete metric,0.5926,0.007126653694372217
20,5,1.0,mean_skewed,Quadratic distance,0.32,0.010921153694372287
20,5,1.0,mean_skewed,Manhattan distance,0.0874,0.008898557789638141
20,5,3.0,coord_avg,Discrete metric,0.9562,4.889674790262897e-05
20,5,3.0,coord_avg,Quadratic distance,0.0236,0.00837832531933147
20,5,3.0,coord_avg,Manhattan distance,0.0202,0.00575040517286754
20,5,3.0,coord_max,Discrete metric,0.092,0.011378833333333355
20,5,3.0,coord_max,Quadratic distance,0.908,0.0002457142857142885
20,5,3.0,coord_max,Manhattan distance,0.0,0.005207356534240229
20,5,3.0,mean_linear,Discrete metric,0.9344,0.00023375001632758728
20,5,3.0,mean_linear,Quadratic distance,0.049,0.004950263991483006
20,5,3.0,mean_linear,Manhattan distance,0.0166,0.004087686961999001
20,5,3.0,mean_skewed,Discrete metric,0.754,0.0026485053738791054
20,5,3.0,mean_skewed,Quadratic distance,0.2368,0.010749195850069693
20,5,3.0,mean_skewed,Manhattan distance,0.0092,0.008206966429452239
20,5,10.0,coord_avg,Discrete metric,1.0,0.0
20,5,10.0,coord_avg,Quadratic distance,0.0,0.008571428571428858
20,5,10.0,coord_avg,Manhattan distance,0.0,0.0062531631109900765
20,5,10.0,coord_max,Discrete metric,0.4154,0.003260571428571437
20,5,10.0,coord_max,Quadratic distance,0.5846,0.001151047619047602
20,5,10.0,coord_max,Manhattan distance,0.0,0.0031391485054427016
20,5,10.0,mean_linear,Discrete metric,0.9998,6.314699792960288e-07
20,5,10.0,mean_linear,Quadratic distance,0.0002,0.006119782608695901
20,5,10.0,mean_linear,Manhattan distance,0.0,0.004989661733430859
20,5,10.0,mean_skewed,Discrete metric,0.8766,0.0007053809523809579
20,5,10.0,mean_skewed,Quadratic distance,0.1234,0.009288714285714386
20,5,10.0,mean_skewed,Manhattan distance,0.0,0.006933907713775095
20,10,0.1,coord_avg,Discrete metric,0.0018,0.023267519523214725
20,10,0.1,coord_avg,Quadratic distance,0.8794,0.00017924351062520083
20,10,0.1,coord_avg,Manhattan distance,0.1188,0.005611637636473274
20,10,0.1,coord_max,Discrete metric,0.0,0.15498500574712631
20,10,0.1,coord_max,Quadratic distance,1.0,0.0
20,10,0.1,coord_max,Manhattan distance,0.0,0.034867686987663064
20,10,0.1,mean_linear,Discrete metric,0.0022,0.055680062746598355
20,10,0.1,mean_linear,Quadratic distance,0.9106,0.0004110373156416351
20,10,0.1,mean_linear,Manhattan distance,0.0872,0.012403100780066357
20,10,0.1,mean_skewed,Discrete metric,0.113,0.02599999863817057
20,10,0.1,mean_skewed,Quadratic distance,0.631,0.0033926633891284675
20,10,0.1,mean_skewed,Manhattan distance,0.256,0.008765791410591198
20,10,0.3,coord_avg,Discrete metric,0.1112,0.00969170316627257
20,10,0.3,coord_avg,Quadratic distance,0.6008,0.0010442192171755645
20,10,0.3,coord_avg,Manhattan distance,0.288,0.0021416354672290547
20,10,0.3,coord_max,Discrete metric,0.0,0.09715994211822458
20,10,0.3,coord_max,Quadratic distance,1.0,0.0
20,10,0.3,coord_max,Manhattan distance,0.0,0.028701075059806517
20,10,0.3,mean_linear,Discrete metric,0.0761,0.024284865428321874
20,10,0.3,mean_linear,Quadratic distance,0.6839,0.001861413716721643
20,10,0.3,mean_linear,Manhattan distance,0.24,0.005434764917573998
20,10,0.3,mean_skewed,Discrete metric,0.2586,0.015947029426887298
20,10,0.3,mean_skewed,Quadratic distance,0.3012,0.008121128770072882
20,10,0.3,mean_skewed,Manhattan distance,0.4402,0.009091692291797182
20,10,1.0,coord_avg,Discrete metric,0.8348,0.0006855447732724161
20,10,1.0,coord_avg,Quadratic distance,0.0552,0.00674107471306436
20,10,1.0,coord_avg,Manhattan distance,0.11,0.0034928742857815377
20,10,1.0,coord_max,Discrete metric,0.0054,0.04759423289545641
20,10,1.0,coord_max,Quadratic distance,0.9946,1.3104816639299454e-05
20,10,1.0,coord_max,Manhattan distance,0.0,0.019012358079597072
20,10,1.0,mean_linear,Discrete metric,0.6479,0.003035726373244779
20,10,1.0,mean_linear,Quadratic distance,0.1433,0.010666345556709355
20,10,1.0,mean_linear,Manhattan distance,0.2088,0.005686191363890176
20,10,1.0,mean_skewed,Discrete metric,0.5506,0.008456085016139031
20,10,1.0,mean_skewed,Quadratic distance,0.2074,0.014060059290906417
20,10,1.0,mean_skewed,Manhattan distance,0.242,0.010944020862495275
20,10,3.0,coord_avg,Discrete metric,0.9998,5.09544409344137e-07
20,10,3.0,coord_avg,Quadratic distance,0.0,0.014239678373089993
20,10,3.0,coord_avg,Manhattan distance,0.0002,0.009065639305361388
20,10,3.0,coord_max,Discrete metric,0.1036,0.01920146551740368
20,10,3.0,coord_max,Quadratic distance,0.8958,0.0002993222497512424
20,10,3.0,coord_max,Manhattan distance,0.0006,0.011331881741655869
20,10,3.0,mean_linear,Discrete metric,0.9896,3.1534318394812855e-05
20,10,3.0,mean_linear,Quadratic distance,0.003,0.02278340022798182
20,10,3.0,mean_linear,Manhattan distance,0.0074,0.0147532880144698
20,10,3.0,mean_skewed,Discrete metric,0.7802,0.00287888788202275
20,10,3.0,mean_skewed,Quadratic distance,0.142,0.016645474909937265
20,10,3.0,mean_skewed,Manhattan distance,0.0778,0.011724724401552146
20,10,10.0,coord_avg,Discrete metric,1.0,0.0
20,10,10.0,coord_avg,Quadratic distance,0.0,0.016093374384235776
20,10,10.0,coord_avg,Manhattan distance,0.0,0.011136019719392706
20,10,10.0,coord_max,Discrete metric,0.6588,0.0037878403148444272
20,10,10.0,coord_max,Quadratic distance,0.3306,0.0020344495102466633
20,10,10.0,coord_max,Manhattan distance,0.0106,0.006884457877624689
20,10,10.0,mean_linear,Discrete metric,1.0,0.0
20,10,10.0,mean_linear,Quadratic distance,0.0,0.026648223502209117
20,10,10.0,mean_linear,Manhattan distance,0.0,0.018940656981928327
20,10,10.0,mean_skewed,Discrete metric,0.9348,0.00039455489488809026
20,10,10.0,mean_skewed,Quadratic distance,0.0312,0.01662899112915168
20,10,10.0,mean_skewed,Manhattan distance,0.034,0.011623548638956746
50,2,0.1,coord_avg,Discrete metric,0.2752,0.006244017616368593
50,2,0.1,coord_avg,Quadratic distance,0.637,0.00026617447911414516
50,2,0.1,coord_avg,Manhattan distance,0.0878,0.0024660414803785876
50,2,0.1,coord_max,Discrete metric,0.2752,0.006244017616368597
50,2,0.1,coord_max,Quadratic distance,0.637,0.00026617447911414445
50,2,0.1,coord_max,Manhattan distance,0.0878,0.0024660414803785655
50,2,0.1,mean_linear,Discrete metric,0.2752,0.0062440176163685935
50,2,0.1,mean_linear,Quadratic distance,0.637,0.0002661744791141378
50,2,0.1,mean_linear,Manhattan distance,0.0878,0.0024660414803785837
50,2,0.1,mean_skewed,Discrete metric,0.2752,0.0062440176163685935
50,2,0.1,mean_skewed,Quadratic distance,0.637,0.0002661744791141378
50,2,0.1,mean_skewed,Manhattan distance,0.0878,0.0024660414803785837
50,2,0.3,coord_avg,Discrete metric,0.5968,0.00283489394776506
50,2,0.3,coord_avg,Quadratic distance,0.2772,0.0004550508105101402
50,2,0.3,coord_avg,Manhattan distance,0.126,0.0011893931111952032
50,2,0.3,coord_max,Discrete metric,0.5968,0.002834893947765064
50,2,0.3,coord_max,Quadratic distance,0.2772,0.00045505081051014395
50,2,0.3,coord_max,Manhattan distance,0.126,0.001189393111195172
50,2,0.3,mean_linear,Discrete metric,0.5968,0.0028348939477650594
50,2,0.3,mean_linear,Quadratic distance,0.2772,0.00045505081051012703
50,2,0.3,mean_linear,Manhattan distance,0.126,0.0011893931111952303
50,2,0.3,mean_skewed,Discrete metric,0.5968,0.0028348939477650594
50,2,0.3,mean_skewed,Quadratic distance,0.2772,0.00045505081051012703
50,2,0.3,mean_skewed,Manhattan distance,0.126,0.0011893931111952303
50,2,1.0,coord_avg,Discrete metric,0.9282,0.0002350117848834802
50,2,1.0,coord_avg,Quadratic distance,0.0198,0.0004291686476285798
50,2,1.0,coord_avg,Manhattan distance,0.052,0.00030729251159432156
50,2,1.0,coord_max,Discrete metric,0.9282,0.00023501178488348
50,2,1.0,coord_max,Quadratic distance,0.0198,0.00042916864762859
50,2,1.0,coord_max,Manhattan distance,0.052,0.0003072925115943114
50,2,1.0,mean_linear,Discrete metric,0.9282,0.00023501178488347354
50,2,1.0,mean_linear,Quadratic distance,0.0198,0.0004291686476285766
50,2,1.0,mean_linear,Manhattan distance,0.052,0.0003072925115943728
50,2,1.0,mean_skewed,Discrete metric,0.9282,0.00023501178488347354
50,2,1.0,mean_skewed,Quadratic distance,0.0198,0.0004291686476285766
50,2,1.0,mean_skewed,Manhattan distance,0.052,0.0003072925115943728
50,2,3.0,coord_avg,Discrete metric,0.9994,2.0938631828991418e-08
50,2,3.0,coord_avg,Quadratic distance,0.0,0.00039217780137692235
50,2,3.0,coord_avg,Manhattan distance,0.0006,0.0002565577969019271
50,2,3.0,coord_max,Discrete metric,0.9994,2.093863182897615e-08
50,2,3.0,coord_max,Quadratic distance,0.0,0.0003921778013769369
50,2,3.0,coord_max,Manhattan distance,0.0006,0.0002565577969019217
50,2,3.0,mean_linear,Discrete metric,0.9994,2.0938631828881784e-08
50,2,3.0,mean_linear,Quadratic distance,0.0,0.0003921778013769319
50,2,3.0,mean_linear,Manhattan distance,0.0006,0.00025655779690198844
50,2,3.0,mean_skewed,Discrete metric,0.9994,2.0938631828881784e-08
50,2,3.0,mean_skewed,Quadratic distance,0.0,0.0003921778013769319
50,2,3.0,mean_skewed,Manhattan distance,0.0006,0.00025655779690198844
50,2,10.0,coord_avg,Discrete metric,1.0,0.0
50,2,10.0,coord_avg,Quadratic distance,0.0,0.00039215686274510003
50,2,10.0,coord_avg,Manhattan distance,0.0,0.0002580784007238116
50,2,10.0,coord_max,Discrete metric,1.0,0.0
50,2,10.0,coord_max,Quadratic distance,0.0,0.00039215686274511076
50,2,10.0,coord_max,Manhattan distance,0.0,0.00025807840072380886
50,2,10.0,mean_linear,Discrete metric,1.0,0.0
50,2,10.0,mean_linear,Quadratic distance,0.0,0.0003921568627451055
50,2,10.0,mean_linear,Manhattan distance,0.0,0.000258078400723872
50,2,10.0,mean_skewed,Discrete metric,1.0,0.0
50,2,10.0,mean_skewed,Quadratic distance,0.0,0.0003921568627451055
50,2,10.0,mean_skewed,Manhattan distance,0.0,0.000258078400723872
50,3,0.1,coord_avg,Discrete metric,0.0994,0.009109184965327215
50,3,0.1,coord_avg,Quadratic distance,0.8574,0.00025944338664395805
50,3,0.1,coord_avg,Manhattan distance,0.0432,0.002759952286828957
50,3,0.1,coord_max,Discrete metric,0.0,0.017157456186979263
50,3,0.1,coord_max,Quadratic distance,0.9606,0.00012010173750650233
50,3,0.1,coord_max,Manhattan distance,0.0394,0.0036078335459425633
50,3,0.1,mean_linear,Discrete metric,0.0186,0.010797662085156954
50,3,0.1,mean_linear,Quadratic distance,0.789,9.594262814328157e-05
50,3,0.1,mean_linear,Manhattan distance,0.1924,0.0028482198440685142
50,3,0.1,mean_skewed,Discrete metric,0.166,0.009354146549772485
50,3,0.1,mean_skewed,Quadratic distance,0.8052,0.0007595794306173325
50,3,0.1,mean_skewed,Manhattan distance,0.0288,0.0032382951347823393
50,3,0.3,coord_avg,Discrete metric,0.4312,0.004057568439626598
50,3,0.3,coord_avg,Quadratic distance,0.5092,0.0005780490831661043
50,3,0.3,coord_avg,Manhattan distance,0.0596,0.001411678336361988
50,3,0.3,coord_max,Discrete metric,0.0034,0.010363641714263454
50,3,0.3,coord_max,Quadratic distance,0.9448,9.1855892242337e-05
50,3,0.3,coord_max,Manhattan distance,0.0518,0.0020408885796446385
50,3,0.3,mean_linear,Discrete metric,0.0588,0.0064857807249874685
50,3,0.3,mean_linear,Quadratic distance,0.7184,9.710500854705053e-05
50,3,0.3,mean_linear,Manhattan distance,0.2228,0.001794415060585235
50,3,0.3,mean_skewed,Discrete metric,0.3664,0.005216401581804156
50,3,0.3,mean_skewed,Quadratic distance,0.596,0.0016690049000545016
50,3,0.3,mean_skewed,Manhattan distance,0.0376,0.002535788327697571
50,3,1.0,coord_avg,Discrete metric,0.918,0.0004359249363118868
50,3,1.0,coord_avg,Quadratic distance,0.0608,0.0007990722465179536
50,3,1.0,coord_avg,Manhattan distance,0.0212,0.0005932700488305807
50,3,1.0,coord_max,Discrete metric,0.0092,0.004796763159227514
50,3,1.0,coord_max,Quadratic distance,0.9716,1.928201292298677e-05
50,3,1.0,coord_max,Manhattan distance,0.0192,0.001006704494599894
50,3,1.0,mean_linear,Discrete metric,0.1098,0.002873344577352557
50,3,1.0,mean_linear,Quadratic distance,0.7838,4.904744311425139e-05
50,3,1.0,mean_linear,Manhattan distance,0.1064,0.0008869560615190749
50,3,1.0,mean_skewed,Discrete metric,0.5674,0.001872349512302528
50,3,1.0,mean_skewed,Quadratic distance,0.4174,0.0021409467973703745
50,3,1.0,mean_skewed,Manhattan distance,0.0152,0.001975904164496828
50,3,3.0,coord_avg,Discrete metric,0.9996,2.356963298139774e-06
50,3,3.0,coord_avg,Quadratic distance,0.0004,0.0007739487179486647
50,3,3.0,coord_avg,Manhattan distance,0.0,0.0005572910141482383
50,3,3.0,coord_max,Discrete metric,0.0384,0.0024912969788341995
50,3,3.0,coord_max,Quadratic distance,0.9598,1.3719301609509871e-05
50,3,3.0,coord_max,Manhattan distance,0.0018,0.0005588457230412348
50,3,3.0,mean_linear,Discrete metric,0.1802,0.0015013680848617763
50,3,3.0,mean_linear,Quadratic distance,0.7544,4.974515876826998e-05
50,3,3.0,mean_linear,Manhattan distance,0.0654,0.00047170369971041517
50,3,3.0,mean_skewed,Discrete metric,0.631,0.000825303404496016
50,3,3.0,mean_skewed,Quadratic distance,0.364,0.0016591857574371105
50,3,3.0,mean_skewed,Manhattan distance,0.005,0.0014207902223684803
50,3,10.0,coord_avg,Discrete metric,1.0,0.0
50,3,10.0,coord_avg,Quadratic distance,0.0,0.0007742584213172097
50,3,10.0,coord_avg,Manhattan distance,0.0,0.0005690465030776021
50,3,10.0,coord_max,Discrete metric,0.1234,0.0010596432656854234
50,3,10.0,coord_max,Quadratic distance,0.8712,4.184537729928007e-05
50,3,10.0,coord_max,Manhattan distance,0.0054,0.00026438907136964166
50,3,10.0,mean_linear,Discrete metric,0.3084,0.0006573992785724299
50,3,10.0,mean_linear,Quadratic distance,0.6246,8.149430119687308e-05
50,3,10.0,mean_linear,Manhattan distance,0.067,0.00023589536209739457
50,3,10.0,mean_skewed,Discrete metric,0.6762,0.00035863312220287235
50,3,10.0,mean_skewed,Quadratic distance,0.304,0.0011384219608151685
50,3,10.0,mean_skewed,Manhattan distance,0.0198,0.0009213795761720679
50,5,0.1,coord_avg,Discrete metric,0.0074,0.010929734731961014
50,5,0.1,coord_avg,Quadratic distance,0.9156,0.00015888540734224795
50,5,0.1,coord_avg,Manhattan distance,0.077,0.002990506002624545
50,5,0.1,coord_max,Discrete metric,0.0,0.03879073018678154
50,5,0.1,coord_max,Quadratic distance,0.9764,1.0617332750769305e-05
50,5,0.1,coord_max,Manhattan distance,0.0236,0.0076331453818214694
50,5,0.1,mean_linear,Discrete metric,0.0038,0.01613683214421062
50,5,0.1,mean_linear,Quadratic distance,0.9304,0.0001309935176132938
50,5,0.1,mean_linear,Manhattan distance,0.0658,0.003565791412569064
50,5,0.1,mean_skewed,Discrete metric,0.1674,0.012140137428767505
50,5,0.1,mean_skewed,Quadratic distance,0.7306,0.0013010568187456562
50,5,0.1,mean_skewed,Manhattan distance,0.102,0.004154360180161916
50,5,0.3,coord_avg,Discrete metric,0.146,0.004558469629520257
50,5,0.3,coord_avg,Quadratic distance,0.7206,0.000516580304901688
50,5,0.3,coord_avg,Manhattan distance,0.1334,0.0013470646524357114
50,5,0.3,coord_max,Discrete metric,0.0,0.024923894757347465
50,5,0.3,coord_max,Quadratic distance,0.9966,1.5296157352802541e-06
50,5,0.3,coord_max,Manhattan distance,0.0034,0.006257300985419708
50,5,0.3,mean_linear,Discrete metric,0.0612,0.007806817785550305
50,5,0.3,mean_linear,Quadratic distance,0.8034,0.0002397081321420864
50,5,0.3,mean_linear,Manhattan distance,0.1354,0.0018977339911248065
50,5,0.3,mean_skewed,Discrete metric,0.3706,0.007143796752679693
50,5,0.3,mean_skewed,Quadratic distance,0.4458,0.0031720120032243107
50,5,0.3,mean_skewed,Manhattan distance,0.1836,0.00397689299320593
50,5,1.0,coord_avg,Discrete metric,0.7688,0.0005934757399877221
50,5,1.0,coord_avg,Quadratic distance,0.174,0.0013228664153688981
50,5,1.0,coord_avg,Manhattan distance,0.0572,0.000924202361398059
50,5,1.0,coord_max,Discrete metric,0.0006,0.013426065795207102
50,5,1.0,coord_max,Quadratic distance,0.9994,2.457516339869237e-07
50,5,1.0,coord_max,Manhattan distance,0.0,0.004353348372212807
50,5,1.0,mean_linear,Discrete metric,0.3026,0.0019433063333556156
50,5,1.0,mean_linear,Quadratic distance,0.5884,0.00032440549193535426
50,5,1.0,mean_linear,Manhattan distance,0.109,0.0008455110749702168
50,5,1.0,mean_skewed,Discrete metric,0.5892,0.0035567970361657145
50,5,1.0,mean_skewed,Quadratic distance,0.361,0.0042292371233117135
50,5,1.0,mean_skewed,Manhattan distance,0.0498,0.0037982673390335206
50,5,3.0,coord_avg,Discrete metric,0.9954,9.154604527836956e-06
50,5,3.0,coord_avg,Quadratic distance,0.0022,0.0014992652799089886
50,5,3.0,coord_avg,Manhattan distance,0.0024,0.0011028807965267912
50,5,3.0,coord_max,Discrete metric,0.0042,0.006838778649237529
50,5,3.0,coord_max,Quadratic distance,0.9958,1.7202614379084658e-06
50,5,3.0,coord_max,Manhattan distance,0.0,0.0025421403194141093
50,5,3.0,mean_linear,Discrete metric,0.5786,0.0003862894728559917
50,5,3.0,mean_linear,Quadratic distance,0.3996,0.00043324342240871807
50,5,3.0,mean_linear,Manhattan distance,0.0218,0.0006413200114883838
50,5,3.0,mean_skewed,Discrete metric,0.6506,0.0017069101549862299
50,5,3.0,mean_skewed,Quadratic distance,0.349,0.003222407322742253
50,5,3.0,mean_skewed,Manhattan distance,0.0004,0.002791719384532607
50,5,10.0,coord_avg,Discrete metric,1.0,0.0
50,5,10.0,coord_avg,Quadratic distance,0.0,0.001498910675381151
50,5,10.0,coord_avg,Manhattan distance,0.0,0.0011452373575126609
50,5,10.0,coord_max,Discrete metric,0.047,0.0029497516339868648
50,5,10.0,coord_max,Quadratic distance,0.953,2.0122004357298117e-05
50,5,10.0,coord_max,Manhattan distance,0.0,0.0012832850032498178
50,5,10.0,mean_linear,Discrete metric,0.8616,5.4964633284972454e-05
50,5,10.0,mean_linear,Quadratic distance,0.1372,0.0006998122385099381
50,5,10.0,mean_linear,Manhattan distance,0.0012,0.0006874785754726812
50,5,10.0,mean_skewed,Discrete metric,0.7088,0.0007092688453159062
50,5,10.0,mean_skewed,Quadratic distance,0.2912,0.002162210021786518
50,5,10.0,mean_skewed,Manhattan distance,0.0,0.00181841284590867
50,10,0.1,coord_avg,Discrete metric,0.0,0.010802673178094675
50,10,0.1,coord_avg,Quadratic distance,0.9396,3.073039976295838e-05
50,10,0.1,coord_avg,Manhattan distance,0.0604,0.002561895625790575
50,10,0.1,coord_max,Discrete metric,0.0,0.07777556323885483
50,10,0.1,coord_max,Quadratic distance,1.0,0.0
50,10,0.1,coord_max,Manhattan distance,0.0,0.017642481194323007
50,10,0.1,mean_linear,Discrete metric,0.0,0.026236615361691817
50,10,0.1,mean_linear,Quadratic distance,0.9546,6.493280483702842e-05
50,10,0.1,mean_linear,Manhattan distance,0.0454,0.006316978111082102
50,10,0.1,mean_skewed,Discrete metric,0.1452,0.01244354979356192
50,10,0.1,mean_skewed,Quadratic distance,0.4216,0.0019161956116630395
50,10,0.1,mean_skewed,Manhattan distance,0.4332,0.004464643171483067
50,10,0.3,coord_avg,Discrete metric,0.0358,0.004603718886930806
50,10,0.3,coord_avg,Quadratic distance,0.7294,0.00025862388637707475
50,10,0.3,coord_avg,Manhattan distance,0.2348,0.0009775036285510387
50,10,0.3,coord_max,Discrete metric,0.0,0.04955789938280385
50,10,0.3,coord_max,Quadratic distance,1.0,0.0
50,10,0.3,coord_max,Manhattan distance,0.0,0.014703300419261742
50,10,0.3,mean_linear,Discrete metric,0.0338,0.011527459868306254
50,10,0.3,mean_linear,Quadratic distance,0.7844,0.00040355390043617643
50,10,0.3,mean_linear,Manhattan distance,0.1818,0.002588120818350868
50,10,0.3,mean_skewed,Discrete metric,0.3358,0.008813407417163728
50,10,0.3,mean_skewed,Quadratic distance,0.2804,0.004398023635176408
50,10,0.3,mean_skewed,Manhattan distance,0.3838,0.0050526563773342715
50,10,1.0,coord_avg,Discrete metric,0.7018,0.0003796312588358858
50,10,1.0,coord_avg,Quadratic distance,0.1616,0.0017456341947898963
50,10,1.0,coord_avg,Manhattan distance,0.1366,0.0009904034411721348
50,10,1.0,coord_max,Discrete metric,0.0,0.02526383428919584
50,10,1.0,coord_max,Quadratic distance,1.0,0.0
50,10,1.0,coord_max,Manhattan distance,0.0,0.009673619834968769
50,10,1.0,mean_linear,Discrete metric,0.5464,0.0014818369315957802
50,10,1.0,mean_linear,Quadratic distance,0.2386,0.002391790538362371
50,10,1.0,mean_linear,Manhattan distance,0.215,0.001387713507283703
50,10,1.0,mean_skewed,Discrete metric,0.5876,0.004535326262177924
50,10,1.0,mean_skewed,Quadratic distance,0.3094,0.005826504847058147
50,10,1.0,mean_skewed,Manhattan distance,0.103,0.00510861433719974
50,10,3.0,coord_avg,Discrete metric,0.9992,3.97408096785494e-07
50,10,3.0,coord_avg,Quadratic distance,0.0,0.0030299012964320154
50,10,3.0,coord_avg,Manhattan distance,0.0008,0.0021778317199079873
50,10,3.0,coord_max,Discrete metric,0.001,0.012391512085964222
50,10,3.0,coord_max,Quadratic distance,0.999,4.400132934529732e-07
50,10,3.0,coord_max,Manhattan distance,0.0,0.005735173982245874
50,10,3.0,mean_linear,Discrete metric,0.9782,2.3765460869798017e-05
50,10,3.0,mean_linear,Quadratic distance,0.0102,0.004479511135704196
50,10,3.0,mean_linear,Manhattan distance,0.0116,0.0031774278120008173
50,10,3.0,mean_skewed,Discrete metric,0.7198,0.0021004840314150022
50,10,3.0,mean_skewed,Quadratic distance,0.2734,0.004960065331957845
50,10,3.0,mean_skewed,Manhattan distance,0.0068,0.004183947731273606
50,10,10.0,coord_avg,Discrete metric,1.0,0.0
50,10,10.0,coord_avg,Quadratic distance,0.0,0.003098703888335252
50,10,10.0,coord_avg,Manhattan distance,0.0,0.002363815969529295
50,10,10.0,coord_max,Discrete metric,0.0448,0.0048502875373875425
50,10,10.0,coord_max,Quadratic distance,0.9552,1.9712595546693202e-05
50,10,10.0,coord_max,Manhattan distance,0.0,0.0028498501346988525
50,10,10.0,mean_linear,Discrete metric,1.0,0.0
50,10,10.0,mean_linear,Quadratic distance,0.0,0.004937162631607244
50,10,10.0,mean_linear,Manhattan distance,0.0,0.0037975426231129424
50,10,10.0,mean_skewed,Discrete metric,0.8298,0.0006503638031657685
50,10,10.0,mean_skewed,Quadratic distance,0.1644,0.003891041769267509
50,10,10.0,mean_skewed,Manhattan distance,0.0058,0.0030714244900417365
